<?xml version="1.0" encoding="UTF-8"?>
<XML>
	<MATERIALLIST>
		<MATERIAL name="transparent_GvasparentLum10">
			<DIFFUSE>0.02353  0.05490  0.05882</DIFFUSE>
			<AMBIENT>0.02353  0.05490  0.05882</AMBIENT>
			<SPECULAR>1.00000000 1.00000000 1.00000000</SPECULAR>
			<ADDITIVE/>
		</MATERIAL>
		<MATERIAL name="Gva_ornamentB">
			<DIFFUSE>1.00000000 1.00000000 1.00000000</DIFFUSE>
			<AMBIENT>1.00000000 1.00000000 1.00000000</AMBIENT>
			<SPECULAR>1.00000000 1.00000000 1.00000000</SPECULAR>
			<DIFFUSEMAP>Gva/ornamentB</DIFFUSEMAP>
		</MATERIAL>
		<MATERIAL name="Gva_Gvasparent-border">
			<DIFFUSE>1.00000000 1.00000000 1.00000000</DIFFUSE>
			<AMBIENT>1.00000000 1.00000000 1.00000000</AMBIENT>
			<SPECULAR>1.00000000 1.00000000 1.00000000</SPECULAR>
			<DIFFUSEMAP>Gva/Gvasparent-border</DIFFUSEMAP>
		</MATERIAL>
		<MATERIAL name="fjump_10000_0_hover">
			<DIFFUSE>1.00000000 1.00000000 1.00000000</DIFFUSE>
			<AMBIENT>1.00000000 1.00000000 1.00000000</AMBIENT>
			<SPECULAR>1.00000000 1.00000000 1.00000000</SPECULAR>
			<DIFFUSEMAP>Gva/z_hover</DIFFUSEMAP>
		</MATERIAL>
		<MATERIAL name="fjump_10000_100">
			<DIFFUSE>1.00000000 1.00000000 1.00000000</DIFFUSE>
			<AMBIENT>1.00000000 1.00000000 1.00000000</AMBIENT>
			<SPECULAR>1.00000000 1.00000000 1.00000000</SPECULAR>
			<DIFFUSEMAP>Gva/z_up</DIFFUSEMAP>
		</MATERIAL>
		<MATERIAL name="Gva_Jork-blue">
			<DIFFUSE>0.5294117 0.552941 0.9372549</DIFFUSE>
			<AMBIENT>0.5294117 0.552941 0.9372549</AMBIENT>
			<SPECULAR>1.0000000 1.0000000 1.0000000</SPECULAR>
		</MATERIAL>
		<MATERIAL name="fjump_10000_-100">
			<DIFFUSE>1.00000000 1.00000000 1.00000000</DIFFUSE>
			<AMBIENT>1.00000000 1.00000000 1.00000000</AMBIENT>
			<SPECULAR>1.00000000 1.00000000 1.00000000</SPECULAR>
			<DIFFUSEMAP>Gva/z_down</DIFFUSEMAP>
		</MATERIAL>
		<MATERIAL name="Gva_Jork-blue-dark">
			<DIFFUSE>0.290196 0.301960 0.5647059</DIFFUSE>
			<AMBIENT>0.290196 0.301960 0.5647059</AMBIENT>
			<SPECULAR>1.0000000 1.0000000 1.0000000</SPECULAR>
		</MATERIAL>
		<MATERIAL name="transparent_Slipglass">
			<DIFFUSE>0.25882  0.36863  0.53725</DIFFUSE>
			<AMBIENT>0.25882  0.36863  0.53725</AMBIENT>
			<SPECULAR>1.00000000 1.00000000 1.00000000</SPECULAR>
			<ADDITIVE/>
		</MATERIAL>
		<MATERIAL name="transparent_arrowFly">
			<DIFFUSE>1.00000000 1.00000000 1.00000000</DIFFUSE>
			<AMBIENT>1.00000000 1.00000000 1.00000000</AMBIENT>
			<SPECULAR>1.00000000 1.00000000 1.00000000</SPECULAR>
			<DIFFUSEMAP>transparent/arrowFly</DIFFUSEMAP>
			<ADDITIVE/>
		</MATERIAL>
		<MATERIAL name="fjump_2000_25">
			<DIFFUSE>1.00000000 1.00000000 1.00000000</DIFFUSE>
			<AMBIENT>1.00000000 1.00000000 1.00000000</AMBIENT>
			<SPECULAR>1.00000000 1.00000000 1.00000000</SPECULAR>
			<DIFFUSEMAP>Gva/z_up</DIFFUSEMAP>
		</MATERIAL>
		<MATERIAL name="transparent_arrowFall">
			<DIFFUSE>1.00000000 1.00000000 1.00000000</DIFFUSE>
			<AMBIENT>1.00000000 1.00000000 1.00000000</AMBIENT>
			<SPECULAR>1.00000000 1.00000000 1.00000000</SPECULAR>
			<DIFFUSEMAP>transparent/arrowFall</DIFFUSEMAP>
			<ADDITIVE/>
		</MATERIAL>
		<MATERIAL name="transparent_arrowFly">
			<DIFFUSE>1.00000000 1.00000000 1.00000000</DIFFUSE>
			<AMBIENT>1.00000000 1.00000000 1.00000000</AMBIENT>
			<SPECULAR>1.00000000 1.00000000 1.00000000</SPECULAR>
			<DIFFUSEMAP>transparent/arrowFly</DIFFUSEMAP>
			<ADDITIVE/>
		</MATERIAL>
		<MATERIAL name="fjump_1200_40">
			<DIFFUSE>1.00000000 1.00000000 1.00000000</DIFFUSE>
			<AMBIENT>1.00000000 1.00000000 1.00000000</AMBIENT>
			<SPECULAR>1.00000000 1.00000000 1.00000000</SPECULAR>
			<DIFFUSEMAP>Gva/z_up</DIFFUSEMAP>
		</MATERIAL>
		<MATERIAL name="transparent_SlipglassHalf">
			<DIFFUSE>0.07059  0.10196  0.13725</DIFFUSE>
			<AMBIENT>0.07059  0.10196  0.13725</AMBIENT>
			<SPECULAR>1.00000000 1.00000000 1.00000000</SPECULAR>
			
			<ADDITIVE/>
		</MATERIAL>
		<MATERIAL name="transparent_GvasparentHalf">
			<DIFFUSE>0.07843  0.16863  0.18824</DIFFUSE>
			<AMBIENT>0.07843  0.16863  0.18824</AMBIENT>
			<SPECULAR>1.00000000 1.00000000 1.00000000</SPECULAR>
			
			<ADDITIVE/>
		</MATERIAL>
		<MATERIAL name="fjump_3968_-40">
			<DIFFUSE>1.00000000 1.00000000 1.00000000</DIFFUSE>
			<AMBIENT>1.00000000 1.00000000 1.00000000</AMBIENT>
			<SPECULAR>1.00000000 1.00000000 1.00000000</SPECULAR>
			<DIFFUSEMAP>Gva/z_down_tile</DIFFUSEMAP>
		</MATERIAL>
		<MATERIAL name="transparent_Gvasparent">
			<DIFFUSE>0.15686  0.33725  0.37647</DIFFUSE>
			<AMBIENT>0.15686  0.33725  0.37647</AMBIENT>
			<SPECULAR>1.00000000 1.00000000 1.00000000</SPECULAR>
			
			<ADDITIVE/>
		</MATERIAL>
		<MATERIAL name="Gva_Gvasparent-light">
			<DIFFUSE>0.56863  0.81961  0.84706</DIFFUSE>
			<AMBIENT>0.56863  0.81961  0.84706</AMBIENT>
			<SPECULAR>1.00000000 1.00000000 1.00000000</SPECULAR>
			
		</MATERIAL>
		<MATERIAL name="transparent_RoyalBlueLum10">
			<DIFFUSE>0.00000  0.00784  0.08235</DIFFUSE>
			<AMBIENT>0.00000  0.00784  0.08235</AMBIENT>
			<SPECULAR>1.00000000 1.00000000 1.00000000</SPECULAR>
			
			<ADDITIVE/>
		</MATERIAL>
		<MATERIAL name="transparent_RoyalBlue">
			<DIFFUSE>0.00392  0.04706  0.43922</DIFFUSE>
			<AMBIENT>0.00392  0.04706  0.43922</AMBIENT>
			<SPECULAR>1.00000000 1.00000000 1.00000000</SPECULAR>
			
			<ADDITIVE/>
		</MATERIAL>
		<MATERIAL name="Gva_Border-RoyalBlue">
			<DIFFUSE>1.00000000 1.00000000 1.00000000</DIFFUSE>
			<AMBIENT>1.00000000 1.00000000 1.00000000</AMBIENT>
			<SPECULAR>1.00000000 1.00000000 1.00000000</SPECULAR>
			<DIFFUSEMAP>Gva/Border-RoyalBlue</DIFFUSEMAP>
		</MATERIAL>
		<MATERIAL name="fjump_25_400_cannon">
			<DIFFUSE>1.00000000 1.00000000 1.00000000</DIFFUSE>
			<AMBIENT>1.00000000 1.00000000 1.00000000</AMBIENT>
			<SPECULAR>1.00000000 1.00000000 1.00000000</SPECULAR>
			<DIFFUSEMAP>Gva/z_cannon</DIFFUSEMAP>
		</MATERIAL>
		<MATERIAL name="felement_2_3000_100_3000_trampline">
			<DIFFUSE>1.00000000 1.00000000 1.00000000</DIFFUSE>
			<AMBIENT>1.00000000 1.00000000 1.00000000</AMBIENT>
			<SPECULAR>1.00000000 1.00000000 1.00000000</SPECULAR>
			<DIFFUSEMAP>Gva/icefield</DIFFUSEMAP>
		</MATERIAL>
		<MATERIAL name="fjump_25_400_starjump">
			<DIFFUSE>0.77647  0.84706  0.99216</DIFFUSE>
			<AMBIENT>0.77647  0.84706  0.99216</AMBIENT>
			<SPECULAR>1.00000000 1.00000000 1.00000000</SPECULAR>
			
		</MATERIAL>
		<MATERIAL name="fjump_15_600_starlight">
			<DIFFUSE>0.98824  0.98431  0.92941</DIFFUSE>
			<AMBIENT>0.98824  0.98431  0.92941</AMBIENT>
			<SPECULAR>1.00000000 1.00000000 1.00000000</SPECULAR>
			
		</MATERIAL>
		<MATERIAL name="transparent_GvourglassHalf">
			<DIFFUSE>0.12941  0.18824  0.27059</DIFFUSE>
			<AMBIENT>0.12941  0.18824  0.27059</AMBIENT>
			<SPECULAR>1.00000000 1.00000000 1.00000000</SPECULAR>
			
			<ADDITIVE/>
		</MATERIAL>
		<MATERIAL name="Gva_gvrid">
			<DIFFUSE>1.00000000 1.00000000 1.00000000</DIFFUSE>
			<AMBIENT>1.00000000 1.00000000 1.00000000</AMBIENT>
			<SPECULAR>1.00000000 1.00000000 1.00000000</SPECULAR>
			<DIFFUSEMAP>Gva/gvrid</DIFFUSEMAP>
		</MATERIAL>
		<MATERIAL name="felement_2_8200_100_1000_iceHigh">
			<DIFFUSE>1.00000000 1.00000000 1.00000000</DIFFUSE>
			<AMBIENT>1.00000000 1.00000000 1.00000000</AMBIENT>
			<SPECULAR>1.00000000 1.00000000 1.00000000</SPECULAR>
			<DIFFUSEMAP>Gva/icefield</DIFFUSEMAP>
		</MATERIAL>
		<MATERIAL name="other_moon">
			<DIFFUSE>1.00000000 1.00000000 1.00000000</DIFFUSE>
			<AMBIENT>1.00000000 1.00000000 1.00000000</AMBIENT>
			<SPECULAR>1.00000000 1.00000000 1.00000000</SPECULAR>
			<DIFFUSEMAP>Gva/moon</DIFFUSEMAP>
		</MATERIAL>
		<MATERIAL name="Gva_grid-dark">
			<DIFFUSE>1.00000000 1.00000000 1.00000000</DIFFUSE>
			<AMBIENT>1.00000000 1.00000000 1.00000000</AMBIENT>
			<SPECULAR>1.00000000 1.00000000 1.00000000</SPECULAR>
			<DIFFUSEMAP>Gva/grid-dark</DIFFUSEMAP>
		</MATERIAL>
		<MATERIAL name="transparent_stars">
			<DIFFUSE>1.00000000 1.00000000 1.00000000</DIFFUSE>
			<AMBIENT>1.00000000 1.00000000 1.00000000</AMBIENT>
			<SPECULAR>1.00000000 1.00000000 1.00000000</SPECULAR>
			<DIFFUSEMAP>transparent/stars</DIFFUSEMAP>
			<ADDITIVE/>
		</MATERIAL>
		<MATERIAL name="transparent_orange">
			<DIFFUSE>0.53725  0.19216  0.08627</DIFFUSE>
			<AMBIENT>0.53725  0.19216  0.08627</AMBIENT>
			<SPECULAR>1.00000000 1.00000000 1.00000000</SPECULAR>
			
			<ADDITIVE/>
		</MATERIAL>
		<MATERIAL name="transparent_stars">
			<DIFFUSE>1.00000000 1.00000000 1.00000000</DIFFUSE>
			<AMBIENT>1.00000000 1.00000000 1.00000000</AMBIENT>
			<SPECULAR>1.00000000 1.00000000 1.00000000</SPECULAR>
			<DIFFUSEMAP>transparent/stars</DIFFUSEMAP>
			<ADDITIVE/>
		</MATERIAL>
		<MATERIAL name="Gva_grid-dark">
			<DIFFUSE>1.00000000 1.00000000 1.00000000</DIFFUSE>
			<AMBIENT>1.00000000 1.00000000 1.00000000</AMBIENT>
			<SPECULAR>1.00000000 1.00000000 1.00000000</SPECULAR>
			<DIFFUSEMAP>Gva/grid-dark</DIFFUSEMAP>
		</MATERIAL>
		<MATERIAL name="other_starsqare">
			<DIFFUSE>1.00000000 1.00000000 1.00000000</DIFFUSE>
			<AMBIENT>1.00000000 1.00000000 1.00000000</AMBIENT>
			<SPECULAR>1.00000000 1.00000000 1.00000000</SPECULAR>
			<DIFFUSEMAP>Gva/starsqare</DIFFUSEMAP>
		</MATERIAL>
		<MATERIAL name="transparent_blacknonsolid">
			<DIFFUSE>0.00000000 0.00000000 0.00000000</DIFFUSE>
			<AMBIENT>0.00000000 0.00000000 0.00000000</AMBIENT>
			<SPECULAR>1.00000000 1.00000000 1.00000000</SPECULAR>
			
		</MATERIAL>
		<MATERIAL name="other_starsqare">
			<DIFFUSE>1.00000000 1.00000000 1.00000000</DIFFUSE>
			<AMBIENT>1.00000000 1.00000000 1.00000000</AMBIENT>
			<SPECULAR>1.00000000 1.00000000 1.00000000</SPECULAR>
			<DIFFUSEMAP>Gva/starsqare</DIFFUSEMAP>
		</MATERIAL>
		<MATERIAL name="other_moon">
			<DIFFUSE>1.00000000 1.00000000 1.00000000</DIFFUSE>
			<AMBIENT>1.00000000 1.00000000 1.00000000</AMBIENT>
			<SPECULAR>1.00000000 1.00000000 1.00000000</SPECULAR>
			<DIFFUSEMAP>Gva/moon</DIFFUSEMAP>
		</MATERIAL>
		<MATERIAL name="other_flag">
			<DIFFUSE>1.00000000 1.00000000 1.00000000</DIFFUSE>
			<AMBIENT>1.00000000 1.00000000 1.00000000</AMBIENT>
			<SPECULAR>1.00000000 1.00000000 1.00000000</SPECULAR>
			<DIFFUSEMAP>Gva/flag</DIFFUSEMAP>
		</MATERIAL>
		<MATERIAL name="other_flag">
			<DIFFUSE>1.00000000 1.00000000 1.00000000</DIFFUSE>
			<AMBIENT>1.00000000 1.00000000 1.00000000</AMBIENT>
			<SPECULAR>1.00000000 1.00000000 1.00000000</SPECULAR>
			<DIFFUSEMAP>Gva/flag</DIFFUSEMAP>
		</MATERIAL>
		<MATERIAL name="fmove_1193_0_-300_0_90_south">
			<DIFFUSE>0.00000000 0.00000000 0.00000000</DIFFUSE>
			<AMBIENT>0.00000000 0.00000000 0.00000000</AMBIENT>
			<SPECULAR>1.00000000 1.00000000 1.00000000</SPECULAR>
			
		</MATERIAL>
		<MATERIAL name="transparent_arrow">
			<DIFFUSE>1.00000000 1.00000000 1.00000000</DIFFUSE>
			<AMBIENT>1.00000000 1.00000000 1.00000000</AMBIENT>
			<SPECULAR>1.00000000 1.00000000 1.00000000</SPECULAR>
			<DIFFUSEMAP>transparent/arrow</DIFFUSEMAP>
			<ADDITIVE/>
		</MATERIAL>
		<MATERIAL name="fmove_1193_-300_100_0_90_eastn">
			<DIFFUSE>0.00000000 0.00000000 0.00000000</DIFFUSE>
			<AMBIENT>0.00000000 0.00000000 0.00000000</AMBIENT>
			<SPECULAR>1.00000000 1.00000000 1.00000000</SPECULAR>
			
		</MATERIAL>
		<MATERIAL name="fmove_1193_0_300_0_90_north">
			<DIFFUSE>0.00000000 0.00000000 0.00000000</DIFFUSE>
			<AMBIENT>0.00000000 0.00000000 0.00000000</AMBIENT>
			<SPECULAR>1.00000000 1.00000000 1.00000000</SPECULAR>
			
		</MATERIAL>
		<MATERIAL name="transparent_StarblueDark">
			<DIFFUSE>1.00000000 1.00000000 1.00000000</DIFFUSE>
			<AMBIENT>1.00000000 1.00000000 1.00000000</AMBIENT>
			<SPECULAR>1.00000000 1.00000000 1.00000000</SPECULAR>
			<DIFFUSEMAP>transparent/StarblueDark</DIFFUSEMAP>
			<ADDITIVE/>
		</MATERIAL>
		<MATERIAL name="fmove_1193_300_0_0_90_west">
			<DIFFUSE>0.00000000 0.00000000 0.00000000</DIFFUSE>
			<AMBIENT>0.00000000 0.00000000 0.00000000</AMBIENT>
			<SPECULAR>1.00000000 1.00000000 1.00000000</SPECULAR>
			
		</MATERIAL>
		<MATERIAL name="Gva_Gvdark">
			<DIFFUSE>0.05490  0.13333  0.15294</DIFFUSE>
			<AMBIENT>0.05490  0.13333  0.15294</AMBIENT>
			<SPECULAR>1.00000000 1.00000000 1.00000000</SPECULAR>
			
		</MATERIAL>
		<MATERIAL name="Gva_wintered">
			<DIFFUSE>1.00000000 1.00000000 1.00000000</DIFFUSE>
			<AMBIENT>1.00000000 1.00000000 1.00000000</AMBIENT>
			<SPECULAR>1.00000000 1.00000000 1.00000000</SPECULAR>
			<DIFFUSEMAP>Gva/wintered</DIFFUSEMAP>
		</MATERIAL>
		<MATERIAL name="Gva_Gvasparent">
			<DIFFUSE>0.27059  0.57647  0.63922</DIFFUSE>
			<AMBIENT>0.27059  0.57647  0.63922</AMBIENT>
			<SPECULAR>1.00000000 1.00000000 1.00000000</SPECULAR>
			
		</MATERIAL>
		<MATERIAL name="transparent_StarblueDark">
			<DIFFUSE>1.00000000 1.00000000 1.00000000</DIFFUSE>
			<AMBIENT>1.00000000 1.00000000 1.00000000</AMBIENT>
			<SPECULAR>1.00000000 1.00000000 1.00000000</SPECULAR>
			<DIFFUSEMAP>transparent/StarblueDark</DIFFUSEMAP>
			<ADDITIVE/>
		</MATERIAL>
		<MATERIAL name="felement_3_1193_0_100_shock">
			<DIFFUSE>0.00000000 0.00000000 0.00000000</DIFFUSE>
			<AMBIENT>0.00000000 0.00000000 0.00000000</AMBIENT>
			<SPECULAR>1.00000000 1.00000000 1.00000000</SPECULAR>
			
		</MATERIAL>
		<MATERIAL name="transparent_shock">
			<DIFFUSE>1.00000000 1.00000000 1.00000000</DIFFUSE>
			<AMBIENT>1.00000000 1.00000000 1.00000000</AMBIENT>
			<SPECULAR>1.00000000 1.00000000 1.00000000</SPECULAR>
			<DIFFUSEMAP>transparent/shock</DIFFUSEMAP>
			<ADDITIVE/>
		</MATERIAL>
	</MATERIALLIST>
	<DUMMYLIST>
		<DUMMY name="spawn_solo_101">
			<POSITION>0.00000000 17312.00000000 -2048.00000000</POSITION>
			<DIRECTION>-0.00000000 -1.00000000 0.00000000</DIRECTION>
		</DUMMY>
		<DUMMY name="spawn_solo_102">
			<POSITION>640.00000000 17280.00000000 -1920.00000000</POSITION>
			<DIRECTION>-0.00000000 -1.00000000 0.00000000</DIRECTION>
		</DUMMY>
		<DUMMY name="spawn_solo_103">
			<POSITION>384.00000000 17824.00000000 -2048.00000000</POSITION>
			<DIRECTION>-0.00000000 -1.00000000 0.00000000</DIRECTION>
		</DUMMY>
		<DUMMY name="spawn_solo_104">
			<POSITION>-640.00000000 17408.00000000 -2048.00000000</POSITION>
			<DIRECTION>-0.00000000 -1.00000000 0.00000000</DIRECTION>
		</DUMMY>
		<DUMMY name="spawn_solo_105">
			<POSITION>-800.00000000 17952.00000000 -2016.00000000</POSITION>
			<DIRECTION>-0.00000000 -1.00000000 0.00000000</DIRECTION>
		</DUMMY>
		<DUMMY name="spawn_solo_106">
			<POSITION>-224.00000000 17952.00000000 -2272.00000000</POSITION>
			<DIRECTION>-0.00000000 -1.00000000 0.00000000</DIRECTION>
		</DUMMY>
		<DUMMY name="spawn_team1_101">
			<POSITION>-10288.00000000 6272.00000000 28416.00000000</POSITION>
			<DIRECTION>-1.00000000 0.00000000 0.00000000</DIRECTION>
		</DUMMY>
		<DUMMY name="spawn_team1_102">
			<POSITION>-8752.00000000 2352.00000000 28416.00000000</POSITION>
			<DIRECTION>-1.00000000 0.00000000 0.00000000</DIRECTION>
		</DUMMY>
		<DUMMY name="spawn_team1_103">
			<POSITION>-7344.00000000 8208.00000000 28800.00000000</POSITION>
			<DIRECTION>-1.00000000 0.00000000 0.00000000</DIRECTION>
		</DUMMY>
		<DUMMY name="spawn_team2_101">
			<POSITION>9344.00000000 4400.00000000 26752.00000000</POSITION>
			<DIRECTION>1.00000000 -0.00000000 0.00000000</DIRECTION>
		</DUMMY>
		<DUMMY name="spawn_team2_102">
			<POSITION>7520.00000000 6032.00000000 28160.00000000</POSITION>
			<DIRECTION>1.00000000 -0.00000000 0.00000000</DIRECTION>
		</DUMMY>
		<DUMMY name="spawn_team2_103">
			<POSITION>8832.00000000 1456.00000000 28416.00000000</POSITION>
			<DIRECTION>1.00000000 -0.00000000 0.00000000</DIRECTION>
		</DUMMY>
	</DUMMYLIST>
	<OCCLUSIONLIST>
		<OCCLUSION name="occlusion_0">
			<POSITION>-1664.00000000 10304.00000000 8192.00000000</POSITION>
			<POSITION>-1920.00000000 10304.00000000 8192.00000000</POSITION>
			<POSITION>-1920.00000000 10304.00000000 7936.00000000</POSITION>
			<POSITION>-1664.00000000 10304.00000000 7936.00000000</POSITION>
		</OCCLUSION>
		<OCCLUSION name="occlusion_1">
			<POSITION>-1664.00000000 10112.00000000 7936.00000000</POSITION>
			<POSITION>-1920.00000000 10112.00000000 7936.00000000</POSITION>
			<POSITION>-1920.00000000 10112.00000000 8192.00000000</POSITION>
			<POSITION>-1664.00000000 10112.00000000 8192.00000000</POSITION>
		</OCCLUSION>
		<OCCLUSION name="occlusion_2">
			<POSITION>-1664.00000000 9920.00000000 8192.00000000</POSITION>
			<POSITION>-1920.00000000 9920.00000000 8192.00000000</POSITION>
			<POSITION>-1920.00000000 9920.00000000 7936.00000000</POSITION>
			<POSITION>-1664.00000000 9920.00000000 7936.00000000</POSITION>
		</OCCLUSION>
		<OCCLUSION name="occlusion_3">
			<POSITION>-1664.00000000 9728.00000000 7936.00000000</POSITION>
			<POSITION>-1920.00000000 9728.00000000 7936.00000000</POSITION>
			<POSITION>-1920.00000000 9728.00000000 8192.00000000</POSITION>
			<POSITION>-1664.00000000 9728.00000000 8192.00000000</POSITION>
		</OCCLUSION>
		<OCCLUSION name="occlusion_4">
			<POSITION>-1664.00000000 10688.00000000 8192.00000000</POSITION>
			<POSITION>-1920.00000000 10688.00000000 8192.00000000</POSITION>
			<POSITION>-1920.00000000 10688.00000000 7936.00000000</POSITION>
			<POSITION>-1664.00000000 10688.00000000 7936.00000000</POSITION>
		</OCCLUSION>
		<OCCLUSION name="occlusion_5">
			<POSITION>-1664.00000000 10496.00000000 7936.00000000</POSITION>
			<POSITION>-1920.00000000 10496.00000000 7936.00000000</POSITION>
			<POSITION>-1920.00000000 10496.00000000 8192.00000000</POSITION>
			<POSITION>-1664.00000000 10496.00000000 8192.00000000</POSITION>
		</OCCLUSION>
		<OCCLUSION name="occlusion_6">
			<POSITION>-1664.00000000 9536.00000000 8192.00000000</POSITION>
			<POSITION>-1920.00000000 9536.00000000 8192.00000000</POSITION>
			<POSITION>-1920.00000000 9536.00000000 7936.00000000</POSITION>
			<POSITION>-1664.00000000 9536.00000000 7936.00000000</POSITION>
		</OCCLUSION>
		<OCCLUSION name="occlusion_7">
			<POSITION>-1664.00000000 9344.00000000 7936.00000000</POSITION>
			<POSITION>-1920.00000000 9344.00000000 7936.00000000</POSITION>
			<POSITION>-1920.00000000 9344.00000000 8192.00000000</POSITION>
			<POSITION>-1664.00000000 9344.00000000 8192.00000000</POSITION>
		</OCCLUSION>
		<OCCLUSION name="occlusion_8">
			<POSITION>-1664.00000000 11072.00000000 8192.00000000</POSITION>
			<POSITION>-1920.00000000 11072.00000000 8192.00000000</POSITION>
			<POSITION>-1920.00000000 11072.00000000 7936.00000000</POSITION>
			<POSITION>-1664.00000000 11072.00000000 7936.00000000</POSITION>
		</OCCLUSION>
		<OCCLUSION name="occlusion_9">
			<POSITION>-1664.00000000 10880.00000000 7936.00000000</POSITION>
			<POSITION>-1920.00000000 10880.00000000 7936.00000000</POSITION>
			<POSITION>-1920.00000000 10880.00000000 8192.00000000</POSITION>
			<POSITION>-1664.00000000 10880.00000000 8192.00000000</POSITION>
		</OCCLUSION>
	</OCCLUSIONLIST>
	<GRAVITYLIST>
	<!-- Low gravity around the moon -->
	<GRAVITY>
		<FROM>-2304.0000000 7936.0000000 30848.0000000</FROM>
		<TO>2304.0000000 12544.0000000 36000.0000000</TO>
		<FACTOR>0.332</FACTOR>
	</GRAVITY>
	<!-- No gravity space above the tower. Over this height gravity no longer matters -->
	<GRAVITY>
		<FROM>-2304.0000000 7936.0000000 36001.0000000</FROM>
		<TO>2304.0000000 12544.0000000 1500000000.0000000</TO>
		<FACTOR>0.0</FACTOR>
	</GRAVITY>
	</GRAVITYLIST>
	<PORTALLIST>
	<!-- Secret in the checkered floor -->
	<PORTAL>
		<FROM>-1920.0000000 12096.0000000 7936.0000000</FROM>
		<TO>-1664.0000000 12160.0000000 8192.0000000</TO>
		<DESTINATION>1792.0000000 8448.0000000 8000.0000000</DESTINATION>
		<STOP_MOMENTUM/>
	</PORTAL>
	<!-- START OF PAC MAZE -->
	<!-- Horizontal 1 -->
	<PORTAL>
		<FROM>1472.0000000 8064.0000000 8448.0000000</FROM>
		<TO>1536.0000000 8320.0000000 8704.0000000</TO>
		<DESTINATION>-1408.0000000 8192.0000000 8448.0000000</DESTINATION>
		<DESTINATION_DIR>1 0 0</DESTINATION_DIR>
		<NOVISUAL/>
	</PORTAL>
	<!-- Horizontal 1 back -->
	<PORTAL>
		<FROM>-1536.0000000 8064.0000000 8448.0000000</FROM>
		<TO>-1472.0000000 8320.0000000 8704.0000000</TO>
		<DESTINATION>1344.0000000 8192.0000000 8448.0000000</DESTINATION>
		<DESTINATION_DIR>-1 0 0</DESTINATION_DIR>
		<NOVISUAL/>
	</PORTAL>
	<!-- Horizontal 2 -->
	<PORTAL>
		<FROM>1472.0000000 8960.0000000 8448.0000000</FROM>
		<TO>1536.0000000 9216.0000000 8704.0000000</TO>
		<DESTINATION>-1408.0000000 9088.0000000 8448.0000000</DESTINATION>
		<DESTINATION_DIR>1 0 0</DESTINATION_DIR>
		<NOVISUAL/>
	</PORTAL>
	<!-- Horizontal 2 back -->
	<PORTAL>
		<FROM>-1536.0000000 8960.0000000 8448.0000000</FROM>
		<TO>-1472.0000000 9216.0000000 8704.0000000</TO>
		<DESTINATION>1344.0000000 9088.0000000 8448.0000000</DESTINATION>
		<DESTINATION_DIR>-1 0 0</DESTINATION_DIR>
		<NOVISUAL/>
	</PORTAL>
	<!-- Horizontal 3 -->
	<PORTAL>
		<FROM>1472.0000000 9728.0000000 8448.0000000</FROM>
		<TO>1536.0000000 9984.0000000 8704.0000000</TO>
		<DESTINATION>-1408.0000000 9856.0000000 8448.0000000</DESTINATION>
		<DESTINATION_DIR>1 0 0</DESTINATION_DIR>
		<NOVISUAL/>
	</PORTAL>
	<!-- Horizontal 3 back -->
	<PORTAL>
		<FROM>-1536.0000000 9728.0000000 8448.0000000</FROM>
		<TO>-1472.0000000 9984.0000000 8704.0000000</TO>
		<DESTINATION>1344.0000000 9856.0000000 8448.0000000</DESTINATION>
		<DESTINATION_DIR>-1 0 0</DESTINATION_DIR>
		<NOVISUAL/>
	</PORTAL>
	<!-- Horizontal 4 -->
	<PORTAL>
		<FROM>1472.0000000 10496.0000000 8448.0000000</FROM>
		<TO>1536.0000000 10752.0000000 8704.0000000</TO>
		<DESTINATION>-1408.0000000 10624.0000000 8448.0000000</DESTINATION>
		<DESTINATION_DIR>1 0 0</DESTINATION_DIR>
		<NOVISUAL/>
	</PORTAL>
	<!-- Horizontal 4 back -->
	<PORTAL>
		<FROM>-1536.0000000 10496.0000000 8448.0000000</FROM>
		<TO>-1472.0000000 10752.0000000 8704.0000000</TO>
		<DESTINATION>1344.0000000 10624.0000000 8448.0000000</DESTINATION>
		<DESTINATION_DIR>-1 0 0</DESTINATION_DIR>
		<NOVISUAL/>
	</PORTAL>
	<!-- Horizontal 5 -->
	<PORTAL>
		<FROM>1472.0000000 11264.0000000 8448.0000000</FROM>
		<TO>1536.0000000 11520.0000000 8704.0000000</TO>
		<DESTINATION>-1408.0000000 11392.0000000 8448.0000000</DESTINATION>
		<DESTINATION_DIR>1 0 0</DESTINATION_DIR>
		<NOVISUAL/>
	</PORTAL>
	<!-- Horizontal 5 back -->
	<PORTAL>
		<FROM>-1536.0000000 11264.0000000 8448.0000000</FROM>
		<TO>-1472.0000000 11520.0000000 8704.0000000</TO>
		<DESTINATION>1344.0000000 11392.0000000 8448.0000000</DESTINATION>
		<DESTINATION_DIR>-1 0 0</DESTINATION_DIR>
		<NOVISUAL/>
	</PORTAL>
	<!-- Horizontal 6 -->
	<PORTAL>
		<FROM>1472.0000000 12032.0000000 8448.0000000</FROM>
		<TO>1536.0000000 12288.0000000 8704.0000000</TO>
		<DESTINATION>-1408.0000000 12160.0000000 8448.0000000</DESTINATION>
		<DESTINATION_DIR>1 0 0</DESTINATION_DIR>
		<NOVISUAL/>
	</PORTAL>
	<!-- Horizontal 6 back -->
	<PORTAL>
		<FROM>-1536.0000000 12032.0000000 8448.0000000</FROM>
		<TO>-1472.0000000 12288.0000000 8704.0000000</TO>
		<DESTINATION>1344.0000000 12160.0000000 8448.0000000</DESTINATION>
		<DESTINATION_DIR>-1 0 0</DESTINATION_DIR>
		<NOVISUAL/>
	</PORTAL>
	<!-- Vertical 1 -->
	<PORTAL>
		<FROM>1152.0000000 12480.0000000 8448.0000000</FROM>
		<TO>1408.0000000 12544.0000000 8704.0000000</TO>
		<DESTINATION>1280.0000000 8064.0000000 8448.0000000</DESTINATION>
		<DESTINATION_DIR>0 1 0</DESTINATION_DIR>
		<NOVISUAL/>
	</PORTAL>
	<!-- Vertical 1 back -->
	<PORTAL>
		<FROM>1152.0000000 7936.0000000 8448.0000000</FROM>
		<TO>1408.0000000 8000.0000000 8704.0000000</TO>
		<DESTINATION>1280.0000000 12352.0000000 8448.0000000</DESTINATION>
		<DESTINATION_DIR>0 -1 0</DESTINATION_DIR>
		<NOVISUAL/>
	</PORTAL>
	<!-- Vertical 2 -->
	<PORTAL>
		<FROM>640.0000000 12480.0000000 8448.0000000</FROM>
		<TO>896.0000000 12544.0000000 8704.0000000</TO>
		<DESTINATION>768.0000000 8064.0000000 8448.0000000</DESTINATION>
		<DESTINATION_DIR>0 1 0</DESTINATION_DIR>
		<NOVISUAL/>
	</PORTAL>
	<!-- Vertical 2 back -->
	<PORTAL>
		<FROM>640.0000000 7936.0000000 8448.0000000</FROM>
		<TO>896.0000000 8000.0000000 8704.0000000</TO>
		<DESTINATION>768.0000000 12352.0000000 8448.0000000</DESTINATION>
		<DESTINATION_DIR>0 -1 0</DESTINATION_DIR>
		<NOVISUAL/>
	</PORTAL>
	<!-- Vertical 3 -->
	<PORTAL>
		<FROM>-768.0000000 12480.0000000 8448.0000000</FROM>
		<TO>-512.0000000 12544.0000000 8704.0000000</TO>
		<DESTINATION>-640.0000000 8064.0000000 8448.0000000</DESTINATION>
		<DESTINATION_DIR>0 1 0</DESTINATION_DIR>
		<NOVISUAL/>
	</PORTAL>
	<!-- Vertical 3 back -->
	<PORTAL>
		<FROM>-768.0000000 7936.0000000 8448.0000000</FROM>
		<TO>-512.0000000 8000.0000000 8704.0000000</TO>
		<DESTINATION>-640.0000000 12352.0000000 8448.0000000</DESTINATION>
		<DESTINATION_DIR>0 -1 0</DESTINATION_DIR>
		<NOVISUAL/>
	</PORTAL>
	<!-- Penperdicular -->
	<PORTAL>
		<FROM>0.0000000 9728.0000000 8328.0000000</FROM>
		<TO>256.0000000 9984.0000000 8392.0000000</TO>
		<DESTINATION>128.0000000 9856.0000000 8642.0000000</DESTINATION>
		<NOVISUAL/>
	</PORTAL>
  <!-- Maze Finish -->
  <PORTAL>
    <FROM>-1280.0000000 7872.0000000 8448.0000000</FROM>
    <TO>-1024.0000000 8000.0000000 8704.0000000</TO>
    <DESTINATION>-1152.0000000 8064.0000000 9216.0000000</DESTINATION>
    <DESTINATION_DIR>0 1 0</DESTINATION_DIR>
    <STOP_MOMENTUM/>
	</PORTAL>
	<!-- Maze Finish - back down -->
	<PORTAL>
		<FROM>-1280.0000000 7872.0000000 9216.0000000</FROM>
		<TO>-1024.0000000 8000.0000000 9472.0000000</TO>
		<DESTINATION>-1152.0000000 8064.0000000 8448.0000000</DESTINATION>
		<DESTINATION_DIR>0 1 0</DESTINATION_DIR>
		<STOP_MOMENTUM/>
	</PORTAL>
	<!-- Maze Finish 2 -->
	<PORTAL>
		<FROM>-1280.0000000 12480.0000000 8448.0000000</FROM>
		<TO>-1024.0000000 12608.0000000 8704.0000000</TO>
		<DESTINATION>-1152.0000000 12416.0000000 9216.0000000</DESTINATION>
		<DESTINATION_DIR>0 -1 0</DESTINATION_DIR>
		<STOP_MOMENTUM/>
	</PORTAL>
	<!-- Maze Finish 2 - back down -->
	<PORTAL>
		<FROM>-1280.0000000 12480.0000000 9216.0000000</FROM>
		<TO>-1024.0000000 12608.0000000 9472.0000000</TO>
		<DESTINATION>-1152.0000000 12416.0000000 8448.0000000</DESTINATION>
		<DESTINATION_DIR>0 -1 0</DESTINATION_DIR>
		<STOP_MOMENTUM/>
	</PORTAL>
	<!-- END OF PAC MAZE -->
	<!-- Blue oblivion (trampoline floor) -->
	<PORTAL>
		<FROM>-2304.0000000 7936.0000000 9088.0000000</FROM>
		<TO>2304.0000000 12544.0000000 9090.0000000</TO>
		<DESTINATION>-1152.0000000 8384.0000000 9472.0000000</DESTINATION>
		<STOP_MOMENTUM/>
	</PORTAL>
	<!-- Reward Stars Swirl -->
	<PORTAL>
		<FROM>-384.0000000 10112.0000000 31500.0000000</FROM>
		<TO>-128.0000000 10368.0000000 31808.0000000</TO>
		<DESTINATION>-480.0000000 -16864.0000000 29000.0000000</DESTINATION>
		<DESTINATION_TO>480.0000000 -15904.0000000 29600.0000000</DESTINATION_TO>
		<DESTINATION_DIR>0 0 -1</DESTINATION_DIR>
	</PORTAL>
	<!-- Reward Stars Swirl - return -->
	<PORTAL>
		<FROM>-768.0000000 -16896.0000000 -2304.0000000</FROM>
		<TO>768.0000000 -15872.0000000 -2300.0000000</TO>
		<DESTINATION>-192.0000000 10304.0000000 31392.0000000</DESTINATION>
	</PORTAL>
	<!-- The most secret seceret -->
	<PORTAL>
		<FROM>-1984.0000000 9232.0000000 -2736.0000000</FROM>
		<TO>-1824.0000000 9392.0000000 -2624.0000000</TO>
		<DESTINATION>-2624.0000000 -1824.0000000 2000000000.0000000</DESTINATION>
	</PORTAL>
	</PORTALLIST>
</XML>
