<?xml version="1.0" encoding="UTF-8"?>
<XML>
	<MATERIALLIST>
		<MATERIAL name="Minecraft_HD_log_top">
			<DIFFUSE>1.00000000 1.00000000 1.00000000</DIFFUSE>
			<AMBIENT>1.00000000 1.00000000 1.00000000</AMBIENT>
			<SPECULAR>1.00000000 1.00000000 1.00000000</SPECULAR>
			<DIFFUSEMAP>Minecraft_HD/log_top.dds</DIFFUSEMAP>
		</MATERIAL>
		<MATERIAL name="Minecraft_HD_log">
			<DIFFUSE>1.00000000 1.00000000 1.00000000</DIFFUSE>
			<AMBIENT>1.00000000 1.00000000 1.00000000</AMBIENT>
			<SPECULAR>1.00000000 1.00000000 1.00000000</SPECULAR>
			<DIFFUSEMAP>Minecraft_HD/log.dds</DIFFUSEMAP>
		</MATERIAL>
		<MATERIAL name="Minecraft_HD_Glass">
			<DIFFUSE>1.00000000 1.00000000 1.00000000</DIFFUSE>
			<AMBIENT>1.00000000 1.00000000 1.00000000</AMBIENT>
			<SPECULAR>1.00000000 1.00000000 1.00000000</SPECULAR>
			<DIFFUSEMAP>Minecraft_HD/Glass.dds</DIFFUSEMAP>
			<USEALPAHATEST/>
			<USEOPACITY/>
		</MATERIAL>
		<MATERIAL name="Minecraft_HD_stone">
			<DIFFUSE>1.00000000 1.00000000 1.00000000</DIFFUSE>
			<AMBIENT>1.00000000 1.00000000 1.00000000</AMBIENT>
			<SPECULAR>1.00000000 1.00000000 1.00000000</SPECULAR>
			<DIFFUSEMAP>Minecraft_HD/stone.dds</DIFFUSEMAP>
		</MATERIAL>
		<MATERIAL name="Minecraft_HD_stoneslab_top">
			<DIFFUSE>1.00000000 1.00000000 1.00000000</DIFFUSE>
			<AMBIENT>1.00000000 1.00000000 1.00000000</AMBIENT>
			<SPECULAR>1.00000000 1.00000000 1.00000000</SPECULAR>
			<DIFFUSEMAP>Minecraft_HD/stoneslab_top.dds</DIFFUSEMAP>
		</MATERIAL>
		<MATERIAL name="Minecraft_HD_stoneslabH">
			<DIFFUSE>1.00000000 1.00000000 1.00000000</DIFFUSE>
			<AMBIENT>1.00000000 1.00000000 1.00000000</AMBIENT>
			<SPECULAR>1.00000000 1.00000000 1.00000000</SPECULAR>
			<DIFFUSEMAP>Minecraft_HD/stoneslabH.dds</DIFFUSEMAP>
		</MATERIAL>
		<MATERIAL name="Minecraft_HD_torchefix">
			<DIFFUSE>1.00000000 1.00000000 1.00000000</DIFFUSE>
			<AMBIENT>1.00000000 1.00000000 1.00000000</AMBIENT>
			<SPECULAR>1.00000000 1.00000000 1.00000000</SPECULAR>
			<DIFFUSEMAP>Minecraft_HD/torchefix.dds</DIFFUSEMAP>
		</MATERIAL>
		<MATERIAL name="Minecraft_HD_wood">
			<DIFFUSE>1.00000000 1.00000000 1.00000000</DIFFUSE>
			<AMBIENT>1.00000000 1.00000000 1.00000000</AMBIENT>
			<SPECULAR>1.00000000 1.00000000 1.00000000</SPECULAR>
			<DIFFUSEMAP>Minecraft_HD/wood.dds</DIFFUSEMAP>
		</MATERIAL>
		<MATERIAL name="Minecraft_HD_brick">
			<DIFFUSE>1.00000000 1.00000000 1.00000000</DIFFUSE>
			<AMBIENT>1.00000000 1.00000000 1.00000000</AMBIENT>
			<SPECULAR>1.00000000 1.00000000 1.00000000</SPECULAR>
			<DIFFUSEMAP>Minecraft_HD/brick.dds</DIFFUSEMAP>
		</MATERIAL>
		<MATERIAL name="Minecraft_HD_grass_top">
			<DIFFUSE>1.00000000 1.00000000 1.00000000</DIFFUSE>
			<AMBIENT>1.00000000 1.00000000 1.00000000</AMBIENT>
			<SPECULAR>1.00000000 1.00000000 1.00000000</SPECULAR>
			<DIFFUSEMAP>Minecraft_HD/grass_top.dds</DIFFUSEMAP>
		</MATERIAL>
		<MATERIAL name="Minecraft_HD_dirt">
			<DIFFUSE>1.00000000 1.00000000 1.00000000</DIFFUSE>
			<AMBIENT>1.00000000 1.00000000 1.00000000</AMBIENT>
			<SPECULAR>1.00000000 1.00000000 1.00000000</SPECULAR>
			<DIFFUSEMAP>Minecraft_HD/dirt.dds</DIFFUSEMAP>
		</MATERIAL>
		<MATERIAL name="Minecraft_HD_grass">
			<DIFFUSE>1.00000000 1.00000000 1.00000000</DIFFUSE>
			<AMBIENT>1.00000000 1.00000000 1.00000000</AMBIENT>
			<SPECULAR>1.00000000 1.00000000 1.00000000</SPECULAR>
			<DIFFUSEMAP>Minecraft_HD/grass.dds</DIFFUSEMAP>
		</MATERIAL>
		<MATERIAL name="Minecraft_HD_workb_2">
			<DIFFUSE>1.00000000 1.00000000 1.00000000</DIFFUSE>
			<AMBIENT>1.00000000 1.00000000 1.00000000</AMBIENT>
			<SPECULAR>1.00000000 1.00000000 1.00000000</SPECULAR>
			<DIFFUSEMAP>Minecraft_HD/workb_2.dds</DIFFUSEMAP>
		</MATERIAL>
		<MATERIAL name="Minecraft_HD_furnacetop">
			<DIFFUSE>1.00000000 1.00000000 1.00000000</DIFFUSE>
			<AMBIENT>1.00000000 1.00000000 1.00000000</AMBIENT>
			<SPECULAR>1.00000000 1.00000000 1.00000000</SPECULAR>
			<DIFFUSEMAP>Minecraft_HD/furnacetop.dds</DIFFUSEMAP>
		</MATERIAL>
		<MATERIAL name="Minecraft_HD_dispenser">
			<DIFFUSE>1.00000000 1.00000000 1.00000000</DIFFUSE>
			<AMBIENT>1.00000000 1.00000000 1.00000000</AMBIENT>
			<SPECULAR>1.00000000 1.00000000 1.00000000</SPECULAR>
			<DIFFUSEMAP>Minecraft_HD/dispenser.dds</DIFFUSEMAP>
		</MATERIAL>
		<MATERIAL name="Minecraft_HD_furnace2">
			<DIFFUSE>1.00000000 1.00000000 1.00000000</DIFFUSE>
			<AMBIENT>1.00000000 1.00000000 1.00000000</AMBIENT>
			<SPECULAR>1.00000000 1.00000000 1.00000000</SPECULAR>
			<DIFFUSEMAP>Minecraft_HD/furnace2.dds</DIFFUSEMAP>
		</MATERIAL>
		<MATERIAL name="Minecraft_HD_furnace1">
			<DIFFUSE>1.00000000 1.00000000 1.00000000</DIFFUSE>
			<AMBIENT>1.00000000 1.00000000 1.00000000</AMBIENT>
			<SPECULAR>1.00000000 1.00000000 1.00000000</SPECULAR>
			<DIFFUSEMAP>Minecraft_HD/furnace1.dds</DIFFUSEMAP>
		</MATERIAL>
		<MATERIAL name="Minecraft_HD_furnace">
			<DIFFUSE>1.00000000 1.00000000 1.00000000</DIFFUSE>
			<AMBIENT>1.00000000 1.00000000 1.00000000</AMBIENT>
			<SPECULAR>1.00000000 1.00000000 1.00000000</SPECULAR>
			<DIFFUSEMAP>Minecraft_HD/furnace.dds</DIFFUSEMAP>
		</MATERIAL>
		<MATERIAL name="Minecraft_HD_JukeboxTop">
			<DIFFUSE>1.00000000 1.00000000 1.00000000</DIFFUSE>
			<AMBIENT>1.00000000 1.00000000 1.00000000</AMBIENT>
			<SPECULAR>1.00000000 1.00000000 1.00000000</SPECULAR>
			<DIFFUSEMAP>Minecraft_HD/JukeboxTop.dds</DIFFUSEMAP>
		</MATERIAL>
		<MATERIAL name="Minecraft_HD_Jukebox">
			<DIFFUSE>1.00000000 1.00000000 1.00000000</DIFFUSE>
			<AMBIENT>1.00000000 1.00000000 1.00000000</AMBIENT>
			<SPECULAR>1.00000000 1.00000000 1.00000000</SPECULAR>
			<DIFFUSEMAP>Minecraft_HD/Jukebox.dds</DIFFUSEMAP>
		</MATERIAL>
		<MATERIAL name="Minecraft_HD_Glowstone">
			<DIFFUSE>1.00000000 1.00000000 1.00000000</DIFFUSE>
			<AMBIENT>1.00000000 1.00000000 1.00000000</AMBIENT>
			<SPECULAR>1.00000000 1.00000000 1.00000000</SPECULAR>
			<DIFFUSEMAP>Minecraft_HD/Glowstone.dds</DIFFUSEMAP>
		</MATERIAL>
		<MATERIAL name="Minecraft_HD_chest_top">
			<DIFFUSE>1.00000000 1.00000000 1.00000000</DIFFUSE>
			<AMBIENT>1.00000000 1.00000000 1.00000000</AMBIENT>
			<SPECULAR>1.00000000 1.00000000 1.00000000</SPECULAR>
			<DIFFUSEMAP>Minecraft_HD/chest_top.dds</DIFFUSEMAP>
		</MATERIAL>
		<MATERIAL name="Minecraft_HD_chest_side">
			<DIFFUSE>1.00000000 1.00000000 1.00000000</DIFFUSE>
			<AMBIENT>1.00000000 1.00000000 1.00000000</AMBIENT>
			<SPECULAR>1.00000000 1.00000000 1.00000000</SPECULAR>
			<DIFFUSEMAP>Minecraft_HD/chest_side.dds</DIFFUSEMAP>
		</MATERIAL>
		<MATERIAL name="Minecraft_HD_chest_front">
			<DIFFUSE>1.00000000 1.00000000 1.00000000</DIFFUSE>
			<AMBIENT>1.00000000 1.00000000 1.00000000</AMBIENT>
			<SPECULAR>1.00000000 1.00000000 1.00000000</SPECULAR>
			<DIFFUSEMAP>Minecraft_HD/chest_front.dds</DIFFUSEMAP>
		</MATERIAL>
		<MATERIAL name="Minecraft_HD_leaves">
			<DIFFUSE>1.00000000 1.00000000 1.00000000</DIFFUSE>
			<AMBIENT>1.00000000 1.00000000 1.00000000</AMBIENT>
			<SPECULAR>1.00000000 1.00000000 1.00000000</SPECULAR>
			<DIFFUSEMAP>Minecraft_HD/leaves.dds</DIFFUSEMAP>
			<USEALPAHATEST/>
			<USEOPACITY/>
		</MATERIAL>
		<MATERIAL name="Minecraft_HD_woodsign2">
			<DIFFUSE>1.00000000 1.00000000 1.00000000</DIFFUSE>
			<AMBIENT>1.00000000 1.00000000 1.00000000</AMBIENT>
			<SPECULAR>1.00000000 1.00000000 1.00000000</SPECULAR>
			<DIFFUSEMAP>Minecraft_HD/woodsign2.dds</DIFFUSEMAP>
		</MATERIAL>
		<MATERIAL name="Minecraft_HD_cobble">
			<DIFFUSE>1.00000000 1.00000000 1.00000000</DIFFUSE>
			<AMBIENT>1.00000000 1.00000000 1.00000000</AMBIENT>
			<SPECULAR>1.00000000 1.00000000 1.00000000</SPECULAR>
			<DIFFUSEMAP>Minecraft_HD/cobble.dds</DIFFUSEMAP>
		</MATERIAL>
		<MATERIAL name="Minecraft_HD_tnt_up">
			<DIFFUSE>1.00000000 1.00000000 1.00000000</DIFFUSE>
			<AMBIENT>1.00000000 1.00000000 1.00000000</AMBIENT>
			<SPECULAR>1.00000000 1.00000000 1.00000000</SPECULAR>
			<DIFFUSEMAP>Minecraft_HD/tnt_up.dds</DIFFUSEMAP>
		</MATERIAL>
		<MATERIAL name="Minecraft_HD_tnt">
			<DIFFUSE>1.00000000 1.00000000 1.00000000</DIFFUSE>
			<AMBIENT>1.00000000 1.00000000 1.00000000</AMBIENT>
			<SPECULAR>1.00000000 1.00000000 1.00000000</SPECULAR>
			<DIFFUSEMAP>Minecraft_HD/tnt.dds</DIFFUSEMAP>
		</MATERIAL>
		<MATERIAL name="Minecraft_HD_Obsidian">
			<DIFFUSE>1.00000000 1.00000000 1.00000000</DIFFUSE>
			<AMBIENT>1.00000000 1.00000000 1.00000000</AMBIENT>
			<SPECULAR>1.00000000 1.00000000 1.00000000</SPECULAR>
			<DIFFUSEMAP>Minecraft_HD/Obsidian.dds</DIFFUSEMAP>
		</MATERIAL>
		<MATERIAL name="Minecraft_HD_Water">
			<DIFFUSE>1.00000000 1.00000000 1.00000000</DIFFUSE>
			<AMBIENT>1.00000000 1.00000000 1.00000000</AMBIENT>
			<SPECULAR>1.00000000 1.00000000 1.00000000</SPECULAR>
			<DIFFUSEMAP>Minecraft_HD/Water.dds</DIFFUSEMAP>
		</MATERIAL>
		<MATERIAL name="Minecraft_HD_Water">
			<DIFFUSE>1.00000000 1.00000000 1.00000000</DIFFUSE>
			<AMBIENT>1.00000000 1.00000000 1.00000000</AMBIENT>
			<SPECULAR>1.00000000 1.00000000 1.00000000</SPECULAR>
			<DIFFUSEMAP>Minecraft_HD/Water.dds</DIFFUSEMAP>
		</MATERIAL>
		<MATERIAL name="fjump_124_400">
			<DIFFUSE>1.00000000 1.00000000 1.00000000</DIFFUSE>
			<AMBIENT>1.00000000 1.00000000 1.00000000</AMBIENT>
			<SPECULAR>1.00000000 1.00000000 1.00000000</SPECULAR>
			<DIFFUSEMAP>Minecraft_HD/stoneslab_top.dds</DIFFUSEMAP>
		</MATERIAL>
		<MATERIAL name="Minecraft_HD_tnt_down">
			<DIFFUSE>1.00000000 1.00000000 1.00000000</DIFFUSE>
			<AMBIENT>1.00000000 1.00000000 1.00000000</AMBIENT>
			<SPECULAR>1.00000000 1.00000000 1.00000000</SPECULAR>
			<DIFFUSEMAP>Minecraft_HD/tnt_down.dds</DIFFUSEMAP>
		</MATERIAL>
		<MATERIAL name="Minecraft_HD_reddust_1on">
			<DIFFUSE>1.00000000 1.00000000 1.00000000</DIFFUSE>
			<AMBIENT>1.00000000 1.00000000 1.00000000</AMBIENT>
			<SPECULAR>1.00000000 1.00000000 1.00000000</SPECULAR>
			<DIFFUSEMAP>Minecraft_HD/reddust_1on.dds</DIFFUSEMAP>
			<USEOPACITY/>
		</MATERIAL>
		<MATERIAL name="Minecraft_HD_RedTorche">
			<DIFFUSE>1.00000000 1.00000000 1.00000000</DIFFUSE>
			<AMBIENT>1.00000000 1.00000000 1.00000000</AMBIENT>
			<SPECULAR>1.00000000 1.00000000 1.00000000</SPECULAR>
			<DIFFUSEMAP>Minecraft_HD/RedTorche.dds</DIFFUSEMAP>
		</MATERIAL>
		<MATERIAL name="Minecraft_HD_sand">
			<DIFFUSE>1.00000000 1.00000000 1.00000000</DIFFUSE>
			<AMBIENT>1.00000000 1.00000000 1.00000000</AMBIENT>
			<SPECULAR>1.00000000 1.00000000 1.00000000</SPECULAR>
			<DIFFUSEMAP>Minecraft_HD/sand.dds</DIFFUSEMAP>
		</MATERIAL>
		<MATERIAL name="Minecraft_HD_FarmLand2">
			<DIFFUSE>1.00000000 1.00000000 1.00000000</DIFFUSE>
			<AMBIENT>1.00000000 1.00000000 1.00000000</AMBIENT>
			<SPECULAR>1.00000000 1.00000000 1.00000000</SPECULAR>
			<DIFFUSEMAP>Minecraft_HD/FarmLand2.dds</DIFFUSEMAP>
		</MATERIAL>
		<MATERIAL name="Minecraft_HD_FarmLand1">
			<DIFFUSE>1.00000000 1.00000000 1.00000000</DIFFUSE>
			<AMBIENT>1.00000000 1.00000000 1.00000000</AMBIENT>
			<SPECULAR>1.00000000 1.00000000 1.00000000</SPECULAR>
			<DIFFUSEMAP>Minecraft_HD/FarmLand1.dds</DIFFUSEMAP>
		</MATERIAL>
		<MATERIAL name="Minecraft_HD_CakeIsALie">
			<DIFFUSE>1.00000000 1.00000000 1.00000000</DIFFUSE>
			<AMBIENT>1.00000000 1.00000000 1.00000000</AMBIENT>
			<SPECULAR>1.00000000 1.00000000 1.00000000</SPECULAR>
			<DIFFUSEMAP>Minecraft_HD/CakeIsALie.dds</DIFFUSEMAP>
			<USEALPAHATEST/>
			<USEOPACITY/>
		</MATERIAL>
		<MATERIAL name="Minecraft_HD_Cobweb">
			<DIFFUSE>1.00000000 1.00000000 1.00000000</DIFFUSE>
			<AMBIENT>1.00000000 1.00000000 1.00000000</AMBIENT>
			<SPECULAR>1.00000000 1.00000000 1.00000000</SPECULAR>
			<DIFFUSEMAP>Minecraft_HD/Cobweb.dds</DIFFUSEMAP>
			<USEALPAHATEST/>
			<USEOPACITY/>
		</MATERIAL>
		<MATERIAL name="Minecraft_HD_Lava">
			<DIFFUSE>1.00000000 1.00000000 1.00000000</DIFFUSE>
			<AMBIENT>1.00000000 1.00000000 1.00000000</AMBIENT>
			<SPECULAR>1.00000000 1.00000000 1.00000000</SPECULAR>
			<DIFFUSEMAP>Minecraft_HD/Lava.dds</DIFFUSEMAP>
		</MATERIAL>
		<MATERIAL name="Minecraft_HD_Lava">
			<DIFFUSE>1.00000000 1.00000000 1.00000000</DIFFUSE>
			<AMBIENT>1.00000000 1.00000000 1.00000000</AMBIENT>
			<SPECULAR>1.00000000 1.00000000 1.00000000</SPECULAR>
			<DIFFUSEMAP>Minecraft_HD/Lava.dds</DIFFUSEMAP>
		</MATERIAL>
		<MATERIAL name="felement_1_87_90_500_lava">
			<DIFFUSE>1.00000000 1.00000000 1.00000000</DIFFUSE>
			<AMBIENT>1.00000000 1.00000000 1.00000000</AMBIENT>
			<SPECULAR>1.00000000 1.00000000 1.00000000</SPECULAR>
			<DIFFUSEMAP>Minecraft_HD/Lava.dds</DIFFUSEMAP>
		</MATERIAL>
		<MATERIAL name="fjump_2852_60_water">
			<DIFFUSE>1.00000000 1.00000000 1.00000000</DIFFUSE>
			<AMBIENT>1.00000000 1.00000000 1.00000000</AMBIENT>
			<SPECULAR>1.00000000 1.00000000 1.00000000</SPECULAR>
			<DIFFUSEMAP>Minecraft_HD/skyhorizon.dds</DIFFUSEMAP>
		</MATERIAL>
		<MATERIAL name="Minecraft_HD_chest_double1">
			<DIFFUSE>1.00000000 1.00000000 1.00000000</DIFFUSE>
			<AMBIENT>1.00000000 1.00000000 1.00000000</AMBIENT>
			<SPECULAR>1.00000000 1.00000000 1.00000000</SPECULAR>
			<DIFFUSEMAP>Minecraft_HD/chest_double1.dds</DIFFUSEMAP>
		</MATERIAL>
		<MATERIAL name="Minecraft_HD_sand">
			<DIFFUSE>1.00000000 1.00000000 1.00000000</DIFFUSE>
			<AMBIENT>1.00000000 1.00000000 1.00000000</AMBIENT>
			<SPECULAR>1.00000000 1.00000000 1.00000000</SPECULAR>
			<DIFFUSEMAP>Minecraft_HD/sand.dds</DIFFUSEMAP>
		</MATERIAL>
		<MATERIAL name="Minecraft_HD_cactus_top">
			<DIFFUSE>1.00000000 1.00000000 1.00000000</DIFFUSE>
			<AMBIENT>1.00000000 1.00000000 1.00000000</AMBIENT>
			<SPECULAR>1.00000000 1.00000000 1.00000000</SPECULAR>
			<DIFFUSEMAP>Minecraft_HD/cactus_top.dds</DIFFUSEMAP>
		</MATERIAL>
		<MATERIAL name="Minecraft_HD_cactus_front">
			<DIFFUSE>1.00000000 1.00000000 1.00000000</DIFFUSE>
			<AMBIENT>1.00000000 1.00000000 1.00000000</AMBIENT>
			<SPECULAR>1.00000000 1.00000000 1.00000000</SPECULAR>
			<DIFFUSEMAP>Minecraft_HD/cactus_front.dds</DIFFUSEMAP>
		</MATERIAL>
		<MATERIAL name="felement_3_180_35_500_cacti2">
			<DIFFUSE>1.00000000 1.00000000 1.00000000</DIFFUSE>
			<AMBIENT>1.00000000 1.00000000 1.00000000</AMBIENT>
			<SPECULAR>1.00000000 1.00000000 1.00000000</SPECULAR>
			<DIFFUSEMAP>Minecraft_HD/cactus_top.dds</DIFFUSEMAP>
		</MATERIAL>
		<MATERIAL name="Minecraft_HD_grass_nonsolid">
			<DIFFUSE>1.00000000 1.00000000 1.00000000</DIFFUSE>
			<AMBIENT>1.00000000 1.00000000 1.00000000</AMBIENT>
			<SPECULAR>1.00000000 1.00000000 1.00000000</SPECULAR>
			<DIFFUSEMAP>Minecraft_HD/grass_top.dds</DIFFUSEMAP>
		</MATERIAL>
		<MATERIAL name="felement_3_94_35_500_cacti">
			<DIFFUSE>1.00000000 1.00000000 1.00000000</DIFFUSE>
			<AMBIENT>1.00000000 1.00000000 1.00000000</AMBIENT>
			<SPECULAR>1.00000000 1.00000000 1.00000000</SPECULAR>
			<DIFFUSEMAP>Minecraft_HD/cactus_top.dds</DIFFUSEMAP>
		</MATERIAL>
		<MATERIAL name="Minecraft_HD_leaves">
			<DIFFUSE>1.00000000 1.00000000 1.00000000</DIFFUSE>
			<AMBIENT>1.00000000 1.00000000 1.00000000</AMBIENT>
			<SPECULAR>1.00000000 1.00000000 1.00000000</SPECULAR>
			<DIFFUSEMAP>Minecraft_HD/leaves.dds</DIFFUSEMAP>
			<USEALPAHATEST/>
			<USEOPACITY/>
		</MATERIAL>
		<MATERIAL name="fmove_84_0_-60_0_100_south">
			<DIFFUSE>1.00000000 1.00000000 1.00000000</DIFFUSE>
			<AMBIENT>1.00000000 1.00000000 1.00000000</AMBIENT>
			<SPECULAR>1.00000000 1.00000000 1.00000000</SPECULAR>
			<DIFFUSEMAP>Minecraft_HD/grass_top.dds</DIFFUSEMAP>
		</MATERIAL>
		<MATERIAL name="Minecraft_HD_tnt_up_nonsolid">
			<DIFFUSE>1.00000000 1.00000000 1.00000000</DIFFUSE>
			<AMBIENT>1.00000000 1.00000000 1.00000000</AMBIENT>
			<SPECULAR>1.00000000 1.00000000 1.00000000</SPECULAR>
			<DIFFUSEMAP>Minecraft_HD/tnt_up.dds</DIFFUSEMAP>
		</MATERIAL>
		<MATERIAL name="Minecraft_HD_tnt">
			<DIFFUSE>1.00000000 1.00000000 1.00000000</DIFFUSE>
			<AMBIENT>1.00000000 1.00000000 1.00000000</AMBIENT>
			<SPECULAR>1.00000000 1.00000000 1.00000000</SPECULAR>
			<DIFFUSEMAP>Minecraft_HD/tnt.dds</DIFFUSEMAP>
		</MATERIAL>
		<MATERIAL name="Minecraft_HD_tnt_down">
			<DIFFUSE>1.00000000 1.00000000 1.00000000</DIFFUSE>
			<AMBIENT>1.00000000 1.00000000 1.00000000</AMBIENT>
			<SPECULAR>1.00000000 1.00000000 1.00000000</SPECULAR>
			<DIFFUSEMAP>Minecraft_HD/tnt_down.dds</DIFFUSEMAP>
		</MATERIAL>
		<MATERIAL name="fmove_64_0_00_40_60_underwater">
			<DIFFUSE>1.00000000 1.00000000 1.00000000</DIFFUSE>
			<AMBIENT>1.00000000 1.00000000 1.00000000</AMBIENT>
			<SPECULAR>1.00000000 1.00000000 1.00000000</SPECULAR>
			<DIFFUSEMAP>Minecraft_HD/grass_top.dds</DIFFUSEMAP>
		</MATERIAL>
		<MATERIAL name="fjump_352_-3">
			<DIFFUSE>1.00000000 1.00000000 1.00000000</DIFFUSE>
			<AMBIENT>1.00000000 1.00000000 1.00000000</AMBIENT>
			<SPECULAR>1.00000000 1.00000000 1.00000000</SPECULAR>
			<DIFFUSEMAP>Minecraft_HD/wood.dds</DIFFUSEMAP>
		</MATERIAL>
		<MATERIAL name="Minecraft_HD_book">
			<DIFFUSE>1.00000000 1.00000000 1.00000000</DIFFUSE>
			<AMBIENT>1.00000000 1.00000000 1.00000000</AMBIENT>
			<SPECULAR>1.00000000 1.00000000 1.00000000</SPECULAR>
			<DIFFUSEMAP>Minecraft_HD/book.dds</DIFFUSEMAP>
		</MATERIAL>
		<MATERIAL name="Minecraft_HD_chest_double2">
			<DIFFUSE>1.00000000 1.00000000 1.00000000</DIFFUSE>
			<AMBIENT>1.00000000 1.00000000 1.00000000</AMBIENT>
			<SPECULAR>1.00000000 1.00000000 1.00000000</SPECULAR>
			<DIFFUSEMAP>Minecraft_HD/chest_double2.dds</DIFFUSEMAP>
		</MATERIAL>
		<MATERIAL name="fjump_25_150">
			<DIFFUSE>1.00000000 1.00000000 1.00000000</DIFFUSE>
			<AMBIENT>1.00000000 1.00000000 1.00000000</AMBIENT>
			<SPECULAR>1.00000000 1.00000000 1.00000000</SPECULAR>
			<DIFFUSEMAP>Minecraft_HD/bed_top.dds</DIFFUSEMAP>
		</MATERIAL>
		<MATERIAL name="Minecraft_HD_wood_nonsolid">
			<DIFFUSE>1.00000000 1.00000000 1.00000000</DIFFUSE>
			<AMBIENT>1.00000000 1.00000000 1.00000000</AMBIENT>
			<SPECULAR>1.00000000 1.00000000 1.00000000</SPECULAR>
			<DIFFUSEMAP>Minecraft_HD/wood.dds</DIFFUSEMAP>
		</MATERIAL>
		<MATERIAL name="Minecraft_HD_scriderpaint">
			<DIFFUSE>1.00000000 1.00000000 1.00000000</DIFFUSE>
			<AMBIENT>1.00000000 1.00000000 1.00000000</AMBIENT>
			<SPECULAR>1.00000000 1.00000000 1.00000000</SPECULAR>
			<DIFFUSEMAP>Minecraft_HD/scriderpaint.dds</DIFFUSEMAP>
		</MATERIAL>
		<MATERIAL name="Minecraft_HD_wood_nonsolid">
			<DIFFUSE>1.00000000 1.00000000 1.00000000</DIFFUSE>
			<AMBIENT>1.00000000 1.00000000 1.00000000</AMBIENT>
			<SPECULAR>1.00000000 1.00000000 1.00000000</SPECULAR>
			<DIFFUSEMAP>Minecraft_HD/wood.dds</DIFFUSEMAP>
		</MATERIAL>
		<MATERIAL name="Minecraft_HD_pppaint">
			<DIFFUSE>1.00000000 1.00000000 1.00000000</DIFFUSE>
			<AMBIENT>1.00000000 1.00000000 1.00000000</AMBIENT>
			<SPECULAR>1.00000000 1.00000000 1.00000000</SPECULAR>
			<DIFFUSEMAP>Minecraft_HD/pppaint.dds</DIFFUSEMAP>
		</MATERIAL>
		<MATERIAL name="Minecraft_HD_spawner">
			<DIFFUSE>1.00000000 1.00000000 1.00000000</DIFFUSE>
			<AMBIENT>1.00000000 1.00000000 1.00000000</AMBIENT>
			<SPECULAR>1.00000000 1.00000000 1.00000000</SPECULAR>
			<DIFFUSEMAP>Minecraft_HD/spawner.dds</DIFFUSEMAP>
			<USEALPAHATEST/>
			<USEOPACITY/>
		</MATERIAL>
		<MATERIAL name="Minecraft_HD_Pumpkin_top">
			<DIFFUSE>1.00000000 1.00000000 1.00000000</DIFFUSE>
			<AMBIENT>1.00000000 1.00000000 1.00000000</AMBIENT>
			<SPECULAR>1.00000000 1.00000000 1.00000000</SPECULAR>
			<DIFFUSEMAP>Minecraft_HD/Pumpkin_top.dds</DIFFUSEMAP>
		</MATERIAL>
		<MATERIAL name="Minecraft_HD_Pumpkin">
			<DIFFUSE>1.00000000 1.00000000 1.00000000</DIFFUSE>
			<AMBIENT>1.00000000 1.00000000 1.00000000</AMBIENT>
			<SPECULAR>1.00000000 1.00000000 1.00000000</SPECULAR>
			<DIFFUSEMAP>Minecraft_HD/Pumpkin.dds</DIFFUSEMAP>
		</MATERIAL>
		<MATERIAL name="Minecraft_HD_skyhorizon">
			<DIFFUSE>1.00000000 1.00000000 1.00000000</DIFFUSE>
			<AMBIENT>1.00000000 1.00000000 1.00000000</AMBIENT>
			<SPECULAR>1.00000000 1.00000000 1.00000000</SPECULAR>
			<DIFFUSEMAP>Minecraft_HD/skyhorizon.dds</DIFFUSEMAP>
		</MATERIAL>
		<MATERIAL name="transparent_white">
			<DIFFUSE>1.00000000 1.00000000 1.00000000</DIFFUSE>
			<AMBIENT>1.00000000 1.00000000 1.00000000</AMBIENT>
			<SPECULAR>1.00000000 1.00000000 1.00000000</SPECULAR>
			<DIFFUSEMAP>Minecraft_HD/white.dds</DIFFUSEMAP>
			<ADDITIVE/>
		</MATERIAL>
		<MATERIAL name="Minecraft_HD_woodsign3">
			<DIFFUSE>1.00000000 1.00000000 1.00000000</DIFFUSE>
			<AMBIENT>1.00000000 1.00000000 1.00000000</AMBIENT>
			<SPECULAR>1.00000000 1.00000000 1.00000000</SPECULAR>
			<DIFFUSEMAP>Minecraft_HD/woodsign3.dds</DIFFUSEMAP>
		</MATERIAL>
		<MATERIAL name="felement_2_620_60_3000_ice3">
			<DIFFUSE>1.00000000 1.00000000 1.00000000</DIFFUSE>
			<AMBIENT>1.00000000 1.00000000 1.00000000</AMBIENT>
			<SPECULAR>1.00000000 1.00000000 1.00000000</SPECULAR>
			<DIFFUSEMAP>Minecraft_HD/wood.dds</DIFFUSEMAP>
		</MATERIAL>
		<MATERIAL name="Minecraft_HD_stone_nonsolid">
			<DIFFUSE>1.00000000 1.00000000 1.00000000</DIFFUSE>
			<AMBIENT>1.00000000 1.00000000 1.00000000</AMBIENT>
			<SPECULAR>1.00000000 1.00000000 1.00000000</SPECULAR>
			<DIFFUSEMAP>Minecraft_HD/stone.dds</DIFFUSEMAP>
		</MATERIAL>
		<MATERIAL name="Minecraft_HD_Pumpkin_light">
			<DIFFUSE>1.00000000 1.00000000 1.00000000</DIFFUSE>
			<AMBIENT>1.00000000 1.00000000 1.00000000</AMBIENT>
			<SPECULAR>1.00000000 1.00000000 1.00000000</SPECULAR>
			<DIFFUSEMAP>Minecraft_HD/Pumpkin_light.dds</DIFFUSEMAP>
		</MATERIAL>
	</MATERIALLIST>
	<DUMMYLIST>
		<DUMMY name="spawn_solo_101">
			<POSITION>5653.00000000 -1618.00000000 440.00000000</POSITION>
			<DIRECTION>-1.00000000 0.00000000 0.00000000</DIRECTION>
		</DUMMY>
		<DUMMY name="spawn_team2_101">
			<POSITION>2832.00000000 -1488.00000000 264.00000000</POSITION>
			<DIRECTION>-1.00000000 0.00000000 0.00000000</DIRECTION>
		</DUMMY>
		<DUMMY name="spawn_team1_101">
			<POSITION>6256.00000000 412.00000000 264.00000000</POSITION>
			<DIRECTION>1.00000000 -0.00000000 0.00000000</DIRECTION>
		</DUMMY>
		<DUMMY name="spawn_solo_102">
			<POSITION>6403.00000000 -638.00000000 312.00000000</POSITION>
			<DIRECTION>-1.00000000 0.00000000 0.00000000</DIRECTION>
		</DUMMY>
		<DUMMY name="spawn_solo_103">
			<POSITION>4239.00000000 -364.00000000 368.00000000</POSITION>
			<DIRECTION>-1.00000000 0.00000000 0.00000000</DIRECTION>
		</DUMMY>
		<DUMMY name="spawn_solo_104">
			<POSITION>-264.00000000 -336.00000000 112.00000000</POSITION>
			<DIRECTION>1.00000000 -0.00000000 0.00000000</DIRECTION>
		</DUMMY>
		<DUMMY name="spawn_solo_105">
			<POSITION>2823.00000000 -1494.00000000 264.00000000</POSITION>
			<DIRECTION>-1.00000000 0.00000000 0.00000000</DIRECTION>
		</DUMMY>
		<DUMMY name="spawn_solo_106">
			<POSITION>6255.00000000 414.00000000 264.00000000</POSITION>
			<DIRECTION>-1.00000000 0.00000000 0.00000000</DIRECTION>
		</DUMMY>
		<DUMMY name="spawn_solo_107">
			<POSITION>4441.00000000 794.00000000 362.00000000</POSITION>
			<DIRECTION>-1.00000000 0.00000000 0.00000000</DIRECTION>
		</DUMMY>
		<DUMMY name="spawn_solo_108">
			<POSITION>3635.00000000 2.00000000 1346.00000000</POSITION>
			<DIRECTION>-1.00000000 0.00000000 0.00000000</DIRECTION>
		</DUMMY>
		<DUMMY name="spawn_solo_109">
			<POSITION>4397.00000000 -1036.00000000 384.00000000</POSITION>
			<DIRECTION>-1.00000000 0.00000000 0.00000000</DIRECTION>
		</DUMMY>
		<DUMMY name="spawn_solo_110">
			<POSITION>2867.00000000 598.00000000 268.00000000</POSITION>
			<DIRECTION>-1.00000000 0.00000000 0.00000000</DIRECTION>
		</DUMMY>
		<DUMMY name="sun_Dummy">
			<POSITION>2800 350 7800</POSITION>
			<DIRECTION>0.0000000 0.9999999 0.0000000</DIRECTION>
		</DUMMY>
	</DUMMYLIST>
	<AMBIENTSOUNDLIST>
		<AMBIENTSOUND ObjName="snd_amb_a0_note 01" type="a0" filename="amb_fan">
			<MIN_POSITION>5120.0 -896.0 521.0</MIN_POSITION>
			<MAX_POSITION>5288.0 -728.0 522.18</MAX_POSITION>
		</AMBIENTSOUND>
	</AMBIENTSOUNDLIST>
	<FOG min="5000" max="10000">
		<R>136</R>
		<G>171</G>
		<B>255</B>
	</FOG> 
	<GLOBAL>
		<fog_enable>TRUE</fog_enable>
		<fog_min>5000</fog_min>
		<fog_max>10000</fog_max>
		<fog_color>136,171,255</fog_color>
	</GLOBAL>
</XML>
