<?xml version="1.0" encoding="UTF-8"?>
<XML>
	<MATERIALLIST>
		<MATERIAL name="fmove_25_0_0_0_100_slipGvasparent">
			<DIFFUSE>0.00000  0.58039  0.64706</DIFFUSE>
			<AMBIENT>0.00000  0.58039  0.64706</AMBIENT>
			<SPECULAR>0.90000000 0.90000000 0.90000000</SPECULAR>
			<DIFFUSEMAP></DIFFUSEMAP>
		</MATERIAL>
		<MATERIAL name="scary_level1">
			<DIFFUSE>1.00000000 1.00000000 1.00000000</DIFFUSE>
			<AMBIENT>1.00000000 1.00000000 1.00000000</AMBIENT>
			<SPECULAR>0.90000000 0.90000000 0.90000000</SPECULAR>
			<DIFFUSEMAP>scary/level1</DIFFUSEMAP>
			<ADDITIVE/>
		</MATERIAL>
		<MATERIAL name="scary_black">
			<DIFFUSE>0.00000000 0.00000000 0.00000000</DIFFUSE>
			<AMBIENT>0.00000000 0.00000000 0.00000000</AMBIENT>
			<SPECULAR>0.90000000 0.90000000 0.90000000</SPECULAR>
			<DIFFUSEMAP></DIFFUSEMAP>
		</MATERIAL>
		<MATERIAL name="scary_Gvasparent">
			<DIFFUSE>0.00000  0.58039  0.64706</DIFFUSE>
			<AMBIENT>0.00000  0.58039  0.64706</AMBIENT>
			<SPECULAR>0.90000000 0.90000000 0.90000000</SPECULAR>
			<DIFFUSEMAP></DIFFUSEMAP>
		</MATERIAL>
		<MATERIAL name="fjump_600_6000">
			<DIFFUSE>1.00000  0.00000  0.00400</DIFFUSE>
			<AMBIENT>1.00000  0.00000  0.00400</AMBIENT>
			<SPECULAR>0.90000000 0.90000000 0.90000000</SPECULAR>
			<DIFFUSEMAP></DIFFUSEMAP>
		</MATERIAL>
		<MATERIAL name="fmove_25_0_0_0_100_slipRed">
			<DIFFUSE>1.00000 0.00000 0.00400</DIFFUSE>
			<AMBIENT>1.00000 0.00000 0.00400</AMBIENT>
			<SPECULAR>0.90000000 0.90000000 0.90000000</SPECULAR>
			<DIFFUSEMAP></DIFFUSEMAP>
		</MATERIAL>
		<MATERIAL name="fjump_8484000_-9000_Void">
			<DIFFUSE>0.00000000 0.00000000 0.00000000</DIFFUSE>
			<AMBIENT>0.00000000 0.00000000 0.00000000</AMBIENT>
			<SPECULAR>0.90000000 0.90000000 0.90000000</SPECULAR>
			<DIFFUSEMAP></DIFFUSEMAP>
		</MATERIAL>
		<MATERIAL name="scary_scary">
			<DIFFUSE>1.00000000 1.00000000 1.00000000</DIFFUSE>
			<AMBIENT>1.00000000 1.00000000 1.00000000</AMBIENT>
			<SPECULAR>0.90000000 0.90000000 0.90000000</SPECULAR>
			<DIFFUSEMAP>scary/scary</DIFFUSEMAP>
		</MATERIAL>
		<MATERIAL name="fmove_9000_0_300_0_200_northForce">
			<DIFFUSE>0.00000000 0.00000000 0.00000000</DIFFUSE>
			<AMBIENT>0.00000000 0.00000000 0.00000000</AMBIENT>
			<SPECULAR>0.90000000 0.90000000 0.90000000</SPECULAR>
			<DIFFUSEMAP></DIFFUSEMAP>
		</MATERIAL>
		<MATERIAL name="felement_1_240_1_6_fireLoud">
			<DIFFUSE>0.00000000 0.00000000 0.00000000</DIFFUSE>
			<AMBIENT>0.00000000 0.00000000 0.00000000</AMBIENT>
			<SPECULAR>0.90000000 0.90000000 0.90000000</SPECULAR>
			<DIFFUSEMAP></DIFFUSEMAP>
		</MATERIAL>
		<MATERIAL name="scary_level3">
			<DIFFUSE>1.00000000 1.00000000 1.00000000</DIFFUSE>
			<AMBIENT>1.00000000 1.00000000 1.00000000</AMBIENT>
			<SPECULAR>0.90000000 0.90000000 0.90000000</SPECULAR>
			<DIFFUSEMAP>scary/level3</DIFFUSEMAP>
			<ADDITIVE/>
		</MATERIAL>
		<MATERIAL name="felement_2_540_100_3600000_Gvasparent">
			<DIFFUSE>0.00000  0.58039  0.64706</DIFFUSE>
			<AMBIENT>0.00000  0.58039  0.64706</AMBIENT>
			<SPECULAR>0.90000000 0.90000000 0.90000000</SPECULAR>
			<DIFFUSEMAP></DIFFUSEMAP>
		</MATERIAL>
		<MATERIAL name="scary_intro">
			<DIFFUSE>1.00000000 1.00000000 1.00000000</DIFFUSE>
			<AMBIENT>1.00000000 1.00000000 1.00000000</AMBIENT>
			<SPECULAR>0.90000000 0.90000000 0.90000000</SPECULAR>
			<DIFFUSEMAP>scary/intro</DIFFUSEMAP>
			<ADDITIVE/>
		</MATERIAL>
		<MATERIAL name="fmove_9000_0_0_0_100_slipperyDark">
			<DIFFUSE>0.00000000 0.00000000 0.00000000</DIFFUSE>
			<AMBIENT>0.00000000 0.00000000 0.00000000</AMBIENT>
			<SPECULAR>0.90000000 0.90000000 0.90000000</SPECULAR>
			<DIFFUSEMAP></DIFFUSEMAP>
		</MATERIAL>
		<MATERIAL name="scary_level2">
			<DIFFUSE>1.00000000 1.00000000 1.00000000</DIFFUSE>
			<AMBIENT>1.00000000 1.00000000 1.00000000</AMBIENT>
			<SPECULAR>0.90000000 0.90000000 0.90000000</SPECULAR>
			<DIFFUSEMAP>scary/level2</DIFFUSEMAP>
			<ADDITIVE/>
		</MATERIAL>
		<MATERIAL name="scary_level4">
			<DIFFUSE>1.00000000 1.00000000 1.00000000</DIFFUSE>
			<AMBIENT>1.00000000 1.00000000 1.00000000</AMBIENT>
			<SPECULAR>0.90000000 0.90000000 0.90000000</SPECULAR>
			<DIFFUSEMAP>scary/level4</DIFFUSEMAP>
			<ADDITIVE/>
		</MATERIAL>
		<MATERIAL name="scary_red">
			<DIFFUSE>1.00000 0.00000 0.00400</DIFFUSE>
			<AMBIENT>1.00000 0.00000 0.00400</AMBIENT>
			<SPECULAR>0.90000000 0.90000000 0.90000000</SPECULAR>
			<DIFFUSEMAP></DIFFUSEMAP>
		</MATERIAL>
	</MATERIALLIST>
	<DUMMYLIST>
		<DUMMY name="spawn_team1_101">
			<POSITION>544.00000000 -960.00000000 288.00000000</POSITION>
			<DIRECTION>1.00000000 -0.00000000 0.00000000</DIRECTION>
		</DUMMY>
		<DUMMY name="spawn_team2_101">
			<POSITION>-768.00000000 256.00000000 288.00000000</POSITION>
			<DIRECTION>-1.00000000 0.00000000 0.00000000</DIRECTION>
		</DUMMY>
		<DUMMY name="spawn_solo_101">
			<POSITION>1330.00000000 -2120.00000000 280.00000000</POSITION>
			<DIRECTION>0.00000000 1.00000000 0.00000000</DIRECTION>
		</DUMMY>
		<DUMMY name="spawn_solo_102">
			<POSITION>1394.00000000 -2120.00000000 280.00000000</POSITION>
			<DIRECTION>0.00000000 1.00000000 0.00000000</DIRECTION>
		</DUMMY>
		<DUMMY name="spawn_solo_103">
			<POSITION>1266.00000000 -2120.00000000 280.00000000</POSITION>
			<DIRECTION>0.00000000 1.00000000 0.00000000</DIRECTION>
		</DUMMY>
	</DUMMYLIST>
	<AMBIENTSOUNDLIST>
		<AMBIENTSOUND ObjName="snd_amb_b1_scare 01" type="b1" filename="amb_generator">
			<CENTER>-1792.0 1400.0 -250.0</CENTER>
			<RADIUS>600</RADIUS>
		</AMBIENTSOUND>
		<AMBIENTSOUND ObjName="snd_amb_b1_scare 02" type="b1" filename="amb_generator">
			<CENTER>-1792.0 1400.0 -245.0</CENTER>
			<RADIUS>600</RADIUS>
		</AMBIENTSOUND>
		<AMBIENTSOUND ObjName="snd_amb_b1_scare 03" type="b1" filename="amb_generator">
			<CENTER>-1792.0 1400.0 -245.0</CENTER>
			<RADIUS>600</RADIUS>
		</AMBIENTSOUND>
		<AMBIENTSOUND ObjName="snd_amb_b1_scare 04" type="b1" filename="amb_generator">
			<CENTER>-1792.0 1400.0 -245.0</CENTER>
			<RADIUS>600</RADIUS>
		</AMBIENTSOUND>
		<AMBIENTSOUND ObjName="snd_amb_b1_scare 05" type="b1" filename="amb_steam2">
			<CENTER>-1792.0 1400.0 -245.0</CENTER>
			<RADIUS>600</RADIUS>
		</AMBIENTSOUND>
		<AMBIENTSOUND ObjName="snd_amb_b1_scare 06" type="b1" filename="amb_steam2">
			<CENTER>-1792.0 1400.0 -245.0</CENTER>
			<RADIUS>600</RADIUS>
		</AMBIENTSOUND>
		<AMBIENTSOUND ObjName="snd_amb_b1_scare 07" type="b1" filename="amb_steam2">
			<CENTER>-1792.0 1400.0 -245.0</CENTER>
			<RADIUS>600</RADIUS>
		</AMBIENTSOUND>
		<AMBIENTSOUND ObjName="snd_amb_b1_scare 08" type="b1" filename="amb_steam2">
			<CENTER>-1792.0 1400.0 -245.0</CENTER>
			<RADIUS>600</RADIUS>
		</AMBIENTSOUND>
	</AMBIENTSOUNDLIST>
</XML>
