<?xml version="1.0" encoding="UTF-8"?>
<XML>
	<MATERIALLIST>
		<MATERIAL name="transparent_GvasparentLum10">
			<DIFFUSE>0.02353  0.05490  0.05882</DIFFUSE>
			<AMBIENT>0.02353  0.05490  0.05882</AMBIENT>
			<SPECULAR>1.00000000 1.00000000 1.00000000</SPECULAR>
			<DIFFUSEMAP></DIFFUSEMAP>
			<ADDITIVE/>
		</MATERIAL>
		<MATERIAL name="transparent_gvredy">
			<DIFFUSE>0.29 0.18 0.22</DIFFUSE>
			<AMBIENT>0.29 0.18 0.22</AMBIENT>
			<SPECULAR>1.00000000 1.00000000 1.00000000</SPECULAR>
			<DIFFUSEMAP></DIFFUSEMAP>
			<ADDITIVE/>
		</MATERIAL>
		<MATERIAL name="transparent_Gvanalogus">
			<DIFFUSE>0.07 0.11 0.18</DIFFUSE>
			<AMBIENT>0.07 0.11 0.18</AMBIENT>
			<SPECULAR>1.00000000 1.00000000 1.00000000</SPECULAR>
			<DIFFUSEMAP></DIFFUSEMAP>
			<ADDITIVE/>
		</MATERIAL>
		<MATERIAL name="transparent_Cerindigo">
			<DIFFUSE>0.18 0.181 0.25</DIFFUSE>
			<AMBIENT>0.181 0.18 0.25</AMBIENT>
			<SPECULAR>1.00000000 1.00000000 1.00000000</SPECULAR>
			<DIFFUSEMAP></DIFFUSEMAP>
			<ADDITIVE/>
		</MATERIAL>
		<MATERIAL name="transparent_RoyalBlueLum10">
			<DIFFUSE>0.00000  0.00784  0.08235</DIFFUSE>
			<AMBIENT>0.00000  0.00784  0.08235</AMBIENT>
			<SPECULAR>1.00000000 1.00000000 1.00000000</SPECULAR>
			<DIFFUSEMAP></DIFFUSEMAP>
			<ADDITIVE/>
		</MATERIAL>
		<MATERIAL name="transparent_GvourglassDark">
			<DIFFUSE>0.12941  0.18824  0.27059</DIFFUSE>
			<AMBIENT>0.12941  0.18824  0.27059</AMBIENT>
			<SPECULAR>1.00000000 1.00000000 1.00000000</SPECULAR>
			<DIFFUSEMAP></DIFFUSEMAP>
			<ADDITIVE/>
		</MATERIAL>
		<MATERIAL name="transparent_SlipglassHalf">
			<DIFFUSE>0.07059  0.10196  0.13725</DIFFUSE>
			<AMBIENT>0.07059  0.10196  0.13725</AMBIENT>
			<SPECULAR>1.00000000 1.00000000 1.00000000</SPECULAR>
			<DIFFUSEMAP></DIFFUSEMAP>
			<ADDITIVE/>
		</MATERIAL>
		<MATERIAL name="transparent_evilred">
			<DIFFUSE>0.27 0.001 0.04</DIFFUSE>
			<AMBIENT>0.27 0.001 0.04</AMBIENT>
			<SPECULAR>1.00000000 1.00000000 1.00000000</SPECULAR>
			<DIFFUSEMAP></DIFFUSEMAP>
			<ADDITIVE/>
		</MATERIAL>
		<MATERIAL name="transparent_torrea">
			<DIFFUSE>0.16 0.18 0.15</DIFFUSE>
			<AMBIENT>0.16 0.18 0.15</AMBIENT>
			<SPECULAR>1.00000000 1.00000000 1.00000000</SPECULAR>
			<DIFFUSEMAP></DIFFUSEMAP>
		</MATERIAL>
		<MATERIAL name="transparent_Jork-blue-star">
			<DIFFUSE>0.10000000 0.10000000 0.10000000</DIFFUSE>
			<AMBIENT>0.10000000 0.10000000 0.10000000</AMBIENT>
			<SPECULAR>1.00000000 1.00000000 1.00000000</SPECULAR>
			<DIFFUSEMAP>transparent/Jork-blue-star.jpg</DIFFUSEMAP>
			<ADDITIVE/>
		</MATERIAL>
	</MATERIALLIST>
	<DUMMYLIST>
		<DUMMY name="spawn_solo_101">
			<POSITION>8298.00000000 1350.00000000 -2453.00000000</POSITION>
			<DIRECTION>-1.00000000 0.00000000 0.00000000</DIRECTION>
		</DUMMY>
		<DUMMY name="spawn_team1_101">
			<POSITION>14852.00000000 6234.00000000 -949.00000000</POSITION>
			<DIRECTION>-1.00000000 0.00000000 0.00000000</DIRECTION>
		</DUMMY>
		<DUMMY name="spawn_team2_101">
			<POSITION>18120.00000000 988.00000000 956.00000000</POSITION>
			<DIRECTION>-1.00000000 0.00000000 0.00000000</DIRECTION>
		</DUMMY>
	</DUMMYLIST>
</XML>
