<?xml version="1.0"?>
<XML>
	<MATERIALLIST>
		<MATERIAL name="gen_lockers2_mt_met">
			<DIFFUSE>0.5882353 0.5882353 0.5882353</DIFFUSE>
			<AMBIENT>0.5882353 0.5882353 0.5882353</AMBIENT>
			<SPECULAR>0.9000000 0.9000000 0.9000000</SPECULAR>
			<DIFFUSEMAP>Gvblocks/gen_lockers2.dds</DIFFUSEMAP>
		</MATERIAL>
		<MATERIAL name="bronze2_mt_met">
			<DIFFUSE>0.5882353 0.5882353 0.5882353</DIFFUSE>
			<AMBIENT>0.5882353 0.5882353 0.5882353</AMBIENT>
			<SPECULAR>0.9000000 0.9000000 0.9000000</SPECULAR>
			<DIFFUSEMAP>Gvblocks/bronze2.dds</DIFFUSEMAP>
		</MATERIAL>
		<MATERIAL name="gen_metal-dark1_mt_met">
			<DIFFUSE>0.5882353 0.5882353 0.5882353</DIFFUSE>
			<AMBIENT>0.5882353 0.5882353 0.5882353</AMBIENT>
			<SPECULAR>0.9000000 0.9000000 0.9000000</SPECULAR>
			<DIFFUSEMAP>Gvblocks/gen_metal-dark1.dds</DIFFUSEMAP>
		</MATERIAL>
		<MATERIAL name="Gvdark_mt_met">
			<DIFFUSE>0.0509804 0.1372549 0.1450980</DIFFUSE>
			<AMBIENT>0.0509804 0.1372549 0.1450980</AMBIENT>
			<SPECULAR>0.9000000 0.9000000 0.9000000</SPECULAR>
			<DIFFUSEMAP></DIFFUSEMAP>
		</MATERIAL>
		<MATERIAL name="bronze1_mt_met">
			<DIFFUSE>0.5882353 0.5882353 0.5882353</DIFFUSE>
			<AMBIENT>0.5882353 0.5882353 0.5882353</AMBIENT>
			<SPECULAR>0.9000000 0.9000000 0.9000000</SPECULAR>
			<DIFFUSEMAP>Gvblocks/bronze1.dds</DIFFUSEMAP>
		</MATERIAL>
		<MATERIAL name="rust2_mt_met">
			<DIFFUSE>0.5882353 0.5882353 0.5882353</DIFFUSE>
			<AMBIENT>0.5882353 0.5882353 0.5882353</AMBIENT>
			<SPECULAR>0.9000000 0.9000000 0.9000000</SPECULAR>
			<DIFFUSEMAP>Gvblocks/rust2.dds</DIFFUSEMAP>
		</MATERIAL>
		<MATERIAL name="steel1_mt_met">
			<DIFFUSE>0.5882353 0.5882353 0.5882353</DIFFUSE>
			<AMBIENT>0.5882353 0.5882353 0.5882353</AMBIENT>
			<SPECULAR>0.9000000 0.9000000 0.9000000</SPECULAR>
			<DIFFUSEMAP>Gvblocks/steel1.dds</DIFFUSEMAP>
		</MATERIAL>
		<MATERIAL name="bronzegold_mt_met">
			<DIFFUSE>0.5882353 0.5882353 0.5882353</DIFFUSE>
			<AMBIENT>0.5882353 0.5882353 0.5882353</AMBIENT>
			<SPECULAR>0.9000000 0.9000000 0.9000000</SPECULAR>
			<DIFFUSEMAP>Gvblocks/bronzegold.dds</DIFFUSEMAP>
		</MATERIAL>
		<MATERIAL name="watches_mt_met">
			<DIFFUSE>0.5882353 0.5882353 0.5882353</DIFFUSE>
			<AMBIENT>0.5882353 0.5882353 0.5882353</AMBIENT>
			<SPECULAR>0.9000000 0.9000000 0.9000000</SPECULAR>
			<DIFFUSEMAP>Gvblocks/watches.dds</DIFFUSEMAP>
		</MATERIAL>
		<MATERIAL name="slipglass_light_mt_met">
			<DIFFUSE>0.2509804 0.3647059 0.5215687</DIFFUSE>
			<AMBIENT>0.2509804 0.3647059 0.5215687</AMBIENT>
			<SPECULAR>0.9000000 0.9000000 0.9000000</SPECULAR>
			<DIFFUSEMAP></DIFFUSEMAP>
		</MATERIAL>
		<MATERIAL name="slipglass_mt_met">
			<DIFFUSE>0.1372549 0.2000000 0.2705882</DIFFUSE>
			<AMBIENT>0.1372549 0.2000000 0.2705882</AMBIENT>
			<SPECULAR>0.9000000 0.9000000 0.9000000</SPECULAR>
			<DIFFUSEMAP></DIFFUSEMAP>
		</MATERIAL>
		<MATERIAL name="m1wto_ext-metal1_mt_met">
			<DIFFUSE>0.5882353 0.5882353 0.5882353</DIFFUSE>
			<AMBIENT>0.5882353 0.5882353 0.5882353</AMBIENT>
			<SPECULAR>0.9000000 0.9000000 0.9000000</SPECULAR>
			<DIFFUSEMAP>Gvblocks/m1wto_ext-metal1.dds</DIFFUSEMAP>
		</MATERIAL>
		<MATERIAL name="elevator1trim_mt_met">
			<DIFFUSE>0.5882353 0.5882353 0.5882353</DIFFUSE>
			<AMBIENT>0.5882353 0.5882353 0.5882353</AMBIENT>
			<SPECULAR>0.9000000 0.9000000 0.9000000</SPECULAR>
			<DIFFUSEMAP>Gvblocks/elevator1trim.dds</DIFFUSEMAP>
		</MATERIAL>
		<MATERIAL name="gva_mt_met">
			<DIFFUSE>0.2823530 0.5647059 0.6274510</DIFFUSE>
			<AMBIENT>0.2823530 0.5647059 0.6274510</AMBIENT>
			<SPECULAR>0.9000000 0.9000000 0.9000000</SPECULAR>
			<DIFFUSEMAP></DIFFUSEMAP>
		</MATERIAL>
	</MATERIALLIST>
	<LIGHTLIST>
		<LIGHT name="GlobalIllumination00">
			<POSITION>11000.0000000 11000.0000000 8000.0000000</POSITION>
			<COLOR>1.0000000 1.0000000 1.0000000</COLOR>
			<INTENSITY>0.3000000</INTENSITY>
			<ATTENUATIONSTART>25000.0000000</ATTENUATIONSTART>
			<ATTENUATIONEND>25000.0000000</ATTENUATIONEND>
		</LIGHT>
		<LIGHT name="GlobalIllumination01">
			<POSITION>-11000.0000000 11000.0000000 8000.0000000</POSITION>
			<COLOR>1.0000000 1.0000000 1.0000000</COLOR>
			<INTENSITY>0.3000000</INTENSITY>
			<ATTENUATIONSTART>25000.0000000</ATTENUATIONSTART>
			<ATTENUATIONEND>25000.0000000</ATTENUATIONEND>
		</LIGHT>
		<LIGHT name="GlobalIllumination02">
			<POSITION>-11000.0000000 -11000.0000000 8000.0000000</POSITION>
			<COLOR>1.0000000 1.0000000 1.0000000</COLOR>
			<INTENSITY>0.3000000</INTENSITY>
			<ATTENUATIONSTART>25000.0000000</ATTENUATIONSTART>
			<ATTENUATIONEND>25000.0000000</ATTENUATIONEND>
		</LIGHT>
		<LIGHT name="GlobalIllumination03">
			<POSITION>11000.0000000 -11000.0000000 8000.0000000</POSITION>
			<COLOR>1.0000000 1.0000000 1.0000000</COLOR>
			<INTENSITY>0.3000000</INTENSITY>
			<ATTENUATIONSTART>25000.0000000</ATTENUATIONSTART>
			<ATTENUATIONEND>25000.0000000</ATTENUATIONEND>
		</LIGHT>
		<LIGHT name="GlobalIllumination04">
			<POSITION>-11000.0000000 -11000.0000000 -8000.0000000</POSITION>
			<COLOR>1.0000000 1.0000000 1.0000000</COLOR>
			<INTENSITY>0.3000000</INTENSITY>
			<ATTENUATIONSTART>25000.0000000</ATTENUATIONSTART>
			<ATTENUATIONEND>25000.0000000</ATTENUATIONEND>
		</LIGHT>
		<LIGHT name="GlobalIllumination05">
			<POSITION>11000.0000000 -11000.0000000 -8000.0000000</POSITION>
			<COLOR>1.0000000 1.0000000 1.0000000</COLOR>
			<INTENSITY>0.3000000</INTENSITY>
			<ATTENUATIONSTART>25000.0000000</ATTENUATIONSTART>
			<ATTENUATIONEND>25000.0000000</ATTENUATIONEND>
		</LIGHT>
		<LIGHT name="GlobalIllumination06">
			<POSITION>-11000.0000000 11000.0000000 -8000.0000000</POSITION>
			<COLOR>1.0000000 1.0000000 1.0000000</COLOR>
			<INTENSITY>0.3000000</INTENSITY>
			<ATTENUATIONSTART>25000.0000000</ATTENUATIONSTART>
			<ATTENUATIONEND>25000.0000000</ATTENUATIONEND>
		</LIGHT>
		<LIGHT name="GlobalIllumination07">
			<POSITION>11000.0000000 11000.0000000 -8000.0000000</POSITION>
			<COLOR>1.0000000 1.0000000 1.0000000</COLOR>
			<INTENSITY>0.3000000</INTENSITY>
			<ATTENUATIONSTART>25000.0000000</ATTENUATIONSTART>
			<ATTENUATIONEND>25000.0000000</ATTENUATIONEND>
		</LIGHT>
		<LIGHT name="Sun">
			<POSITION>0.000000 0.000000 4000.000000</POSITION>
			<COLOR>1.000000 1.000000 1.000000</COLOR>
			<INTENSITY>1.100000</INTENSITY>
			<ATTENUATIONSTART>0.000000</ATTENUATIONSTART>
			<ATTENUATIONEND>20000.000000</ATTENUATIONEND>
			<CASTSHADOW/></LIGHT>
		<LIGHT name="GlobalIllumination_extra">
			<POSITION>-6700.0000000 0.0000000 -1100.0000000</POSITION>
			<COLOR>1.0000000 1.0000000 1.0000000</COLOR>
			<INTENSITY>0.5000000</INTENSITY>
			<ATTENUATIONSTART>800.0000000</ATTENUATIONSTART>
			<ATTENUATIONEND>800.0000000</ATTENUATIONEND>
		</LIGHT>
	</LIGHTLIST>
	<DUMMYLIST>
		<DUMMY name="spawn_solo_101">
			<POSITION>-338.0000000 2229.0000000 -568.0000000</POSITION>
			<DIRECTION>-0.4226183 -0.9063078 0.0000000</DIRECTION>
		</DUMMY>
		<DUMMY name="spawn_solo_102">
			<POSITION>8.0000000 16.0000000 1192.0000000</POSITION>
			<DIRECTION>-0.3420201 0.9396926 0.0000000</DIRECTION>
		</DUMMY>
		<DUMMY name="spawn_solo_103">
			<POSITION>-3712.0000000 512.0000000 192.0000000</POSITION>
			<DIRECTION>1.0000000 -0.0000001 0.0000000</DIRECTION>
		</DUMMY>
		<DUMMY name="spawn_solo_104">
			<POSITION>1424.0000000 2128.0000000 128.0000000</POSITION>
			<DIRECTION>-0.9848078 -0.1736481 0.0000000</DIRECTION>
		</DUMMY>
		<DUMMY name="spawn_solo_105">
			<POSITION>-2148.0000000 2220.0000000 -666.0000000</POSITION>
			<DIRECTION>0.3420199 -0.9396927 0.0000000</DIRECTION>
		</DUMMY>
		<DUMMY name="spawn_solo_106">
			<POSITION>2128.0000000 464.0000000 128.0000000</POSITION>
			<DIRECTION>0.0000000 1.0000000 0.0000000</DIRECTION>
		</DUMMY>
		<DUMMY name="spawn_solo_107">
			<POSITION>-1728.0000000 -1056.0000000 704.0000000</POSITION>
			<DIRECTION>0.7071067 0.7071068 0.0000000</DIRECTION>
		</DUMMY>
		<DUMMY name="spawn_team1_101">
			<POSITION>-2816.0000000 -192.0000000 0.0000000</POSITION>
			<DIRECTION>0.3420201 0.9396926 0.0000000</DIRECTION>
		</DUMMY>
		<DUMMY name="spawn_team1_102">
			<POSITION>-3392.0000000 832.0000000 0.0000000</POSITION>
			<DIRECTION>-0.7071067 0.7071068 0.0000000</DIRECTION>
		</DUMMY>
		<DUMMY name="spawn_team1_103">
			<POSITION>-3712.0000000 448.0000000 192.0000000</POSITION>
			<DIRECTION>0.0000000 1.0000000 0.0000000</DIRECTION>
		</DUMMY>
		<DUMMY name="spawn_team1_104">
			<POSITION>-2432.0000000 640.0000000 64.0000000</POSITION>
			<DIRECTION>0.0000000 1.0000000 0.0000000</DIRECTION>
		</DUMMY>
		<DUMMY name="spawn_team2_101">
			<POSITION>1408.0000000 1984.0000000 1024.0000000</POSITION>
			<DIRECTION>-0.7071068 -0.7071069 0.0000000</DIRECTION>
		</DUMMY>
		<DUMMY name="spawn_team2_102">
			<POSITION>2496.0000000 384.0000000 -640.0000000</POSITION>
			<DIRECTION>-0.5735764 0.8191521 0.0000000</DIRECTION>
		</DUMMY>
		<DUMMY name="spawn_team2_103">
			<POSITION>2224.0000000 480.0000000 128.0000000</POSITION>
			<DIRECTION>0.0000000 1.0000000 0.0000000</DIRECTION>
		</DUMMY>
		<DUMMY name="spawn_team2_104">
			<POSITION>1728.0000000 2112.0000000 -1088.0000000</POSITION>
			<DIRECTION>-0.8191521 -0.5735766 0.0000000</DIRECTION>
		</DUMMY>
		<DUMMY name="spawn_team2_105">
			<POSITION>1472.0000000 1984.0000000 128.0000000</POSITION>
			<DIRECTION>-0.9063079 -0.4226182 0.0000000</DIRECTION>
		</DUMMY>
		<DUMMY name="spawn_team1_105">
			<POSITION>-4144.0000000 184.0000000 -1312.0000000</POSITION>
			<DIRECTION>1.0000000 -0.0000001 0.0000000</DIRECTION>
		</DUMMY>
		<DUMMY name="spawn_team1_106">
			<POSITION>-2000.0000000 -1160.0000000 704.0000000</POSITION>
			<DIRECTION>0.5000001 0.8660254 0.0000000</DIRECTION>
		</DUMMY>
		<DUMMY name="sun_Dummy">
			<POSITION>-3728.0 512.0 -1000.7490234</POSITION>
			<DIRECTION>0.0000000 0.9999999 0.0000000</DIRECTION>
		</DUMMY>
	</DUMMYLIST>
</XML>
