<?xml version="1.0" encoding="UTF-8"?>
<XML>
	<MATERIALLIST>
		<MATERIAL name="FloorMaterial_mt_con">
			<DIFFUSE>0.588370 0.406693 0.328980</DIFFUSE>
			<AMBIENT>0.588235 0.588235 0.588235</AMBIENT>
			<SPECULAR>0.900000 0.900000 0.900000</SPECULAR>
			<DIFFUSEMAP>Mingrid.dds</DIFFUSEMAP>
		</MATERIAL>
		<MATERIAL name="InnerWallMaterail">
			<DIFFUSE>0.199077 0.220927 0.258545</DIFFUSE>
			<AMBIENT>0.588235 0.588235 0.588235</AMBIENT>
			<SPECULAR>0.900000 0.900000 0.900000</SPECULAR>
			<DIFFUSEMAP>m1hub_conc02.dds</DIFFUSEMAP>
		</MATERIAL>
		<MATERIAL name="PillarsMaterial">
			<DIFFUSE>0.588235 0.588235 0.588235</DIFFUSE>
			<AMBIENT>0.588235 0.588235 0.588235</AMBIENT>
			<SPECULAR>0.900000 0.900000 0.900000</SPECULAR>
			<DIFFUSEMAP>flr_gr.dds</DIFFUSEMAP>
		</MATERIAL>
		<MATERIAL name="WallsMaterial">
			<DIFFUSE>0.588235 0.588235 0.588235</DIFFUSE>
			<AMBIENT>0.588235 0.588235 0.588235</AMBIENT>
			<SPECULAR>0.900000 0.900000 0.900000</SPECULAR>
			<DIFFUSEMAP>11.dds</DIFFUSEMAP>
		</MATERIAL>
	</MATERIALLIST>
	<LIGHTLIST>
		<LIGHT name="Light.Obelisk.2">
			<POSITION>-633.591858 506.088013 410.730560</POSITION>
			<COLOR>0.201326 0.216974 0.308041</COLOR>
			<INTENSITY>0.640000</INTENSITY>
			<ATTENUATIONSTART>0.000000</ATTENUATIONSTART>
			<ATTENUATIONEND>40000.000000</ATTENUATIONEND>
			<CASTSHADOW/>
		</LIGHT>
		<LIGHT name="Light.Obelisk.3">
			<POSITION>579.706177 -688.337158 410.730560</POSITION>
			<COLOR>0.201326 0.216974 0.308041</COLOR>
			<INTENSITY>0.640000</INTENSITY>
			<ATTENUATIONSTART>0.000000</ATTENUATIONSTART>
			<ATTENUATIONEND>40000.000000</ATTENUATIONEND>
			<CASTSHADOW/>
		</LIGHT>
		<LIGHT name="Light.Obelisk.4">
			<POSITION>-633.591858 -688.337158 410.730560</POSITION>
			<COLOR>0.201326 0.216974 0.308041</COLOR>
			<INTENSITY>0.640000</INTENSITY>
			<ATTENUATIONSTART>0.000000</ATTENUATIONSTART>
			<ATTENUATIONEND>40000.000000</ATTENUATIONEND>
			<CASTSHADOW/>
		</LIGHT>
		<LIGHT name="Light.Obelisk.1">
			<POSITION>579.706177 512.484131 410.730560</POSITION>
			<COLOR>0.201326 0.216974 0.308041</COLOR>
			<INTENSITY>0.640000</INTENSITY>
			<ATTENUATIONSTART>0.000000</ATTENUATIONSTART>
			<ATTENUATIONEND>40000.000000</ATTENUATIONEND>
			<CASTSHADOW/>
		</LIGHT>
		<!-- Ambient light, manually added -->
		<LIGHT name="Gvambient" type="2">
			<POSITION>0.000000 0.000000 0.000000</POSITION>
			<DIRECTION>0.728890 -0.283349 -0.623243</DIRECTION>
			<COLOR>0.563201 0.608876 0.875568</COLOR>
			<INTENSITY>1.000000</INTENSITY>
			<ATTENUATIONSTART>100.000000</ATTENUATIONSTART>
			<ATTENUATIONEND>500.000000</ATTENUATIONEND>
		</LIGHT>
	</LIGHTLIST>
	<OBJECTLIST>
		<OBJECT name="Rocks.elu"/>
	</OBJECTLIST>
	<DUMMYLIST>
		<DUMMY name="spawn_solo_101">
			<POSITION>-26.016617 1947.421875 -0.284362</POSITION>
			<DIRECTION>0.000000 -1.000000 0.000000</DIRECTION>
		</DUMMY>
		<DUMMY name="spawn_solo_102">
			<POSITION>773.983398 3647.421631 -0.284362</POSITION>
			<DIRECTION>0.000000 -1.000000 0.000000</DIRECTION>
		</DUMMY>
		<DUMMY name="spawn_solo_103">
			<POSITION>2473.983398 1247.421875 -0.284362</POSITION>
			<DIRECTION>0.000000 -1.000000 0.000000</DIRECTION>
		</DUMMY>
		<DUMMY name="spawn_solo_104">
			<POSITION>773.983398 -52.578209 -0.284362</POSITION>
			<DIRECTION>0.000000 -1.000000 0.000000</DIRECTION>
		</DUMMY>
		<DUMMY name="spawn_solo_105">
			<POSITION>-2126.016602 -2343.712158 -0.284362</POSITION>
			<DIRECTION>0.000000 -1.000000 0.000000</DIRECTION>
		</DUMMY>
		<DUMMY name="spawn_solo_106">
			<POSITION>-3626.016602 -1052.578125 -0.284362</POSITION>
			<DIRECTION>0.000000 -1.000000 0.000000</DIRECTION>
		</DUMMY>
		<DUMMY name="spawn_solo_107">
			<POSITION>-3526.016602 1047.421875 -0.284362</POSITION>
			<DIRECTION>0.000000 -1.000000 0.000000</DIRECTION>
		</DUMMY>
		<DUMMY name="spawn_solo_108">
			<POSITION>-2126.016602 -52.578209 -0.284362</POSITION>
			<DIRECTION>0.000000 -1.000000 0.000000</DIRECTION>
		</DUMMY>
		<DUMMY name="spawn_solo_109">
			<POSITION>-1326.016602 1147.421875 -0.284362</POSITION>
			<DIRECTION>0.000000 -1.000000 0.000000</DIRECTION>
		</DUMMY>
		<DUMMY name="spawn_solo_110">
			<POSITION>1273.983398 -1252.578125 -0.284362</POSITION>
			<DIRECTION>0.000000 -1.000000 0.000000</DIRECTION>
		</DUMMY>
		<DUMMY name="spawn_solo_111">
			<POSITION>-226.016617 -2352.578125 -0.284362</POSITION>
			<DIRECTION>0.000000 -1.000000 0.000000</DIRECTION>
		</DUMMY>
		<DUMMY name="spawn_solo_112">
			<POSITION>-926.016602 2747.421875 -0.284362</POSITION>
			<DIRECTION>0.000000 -1.000000 0.000000</DIRECTION>
		</DUMMY>
		<DUMMY name="spawn_team1_101">
			<POSITION>2470.907227 2952.298584 1.129937</POSITION>
			<DIRECTION>0.000000 -1.000000 0.000000</DIRECTION>
		</DUMMY>
		<DUMMY name="spawn_team1_102">
			<POSITION>1370.907227 3652.298340 1.129937</POSITION>
			<DIRECTION>0.000000 -1.000000 0.000000</DIRECTION>
		</DUMMY>
		<DUMMY name="spawn_team1_102">
			<POSITION>670.907227 3652.298340 1.129937</POSITION>
			<DIRECTION>0.000000 -1.000000 0.000000</DIRECTION>
		</DUMMY>
		<DUMMY name="spawn_team1_104">
			<POSITION>2070.907227 3452.298340 1.129937</POSITION>
			<DIRECTION>0.000000 -1.000000 0.000000</DIRECTION>
		</DUMMY>
		<DUMMY name="spawn_team2_101">
			<POSITION>-3629.092773 -1147.701416 1.129937</POSITION>
			<DIRECTION>0.000000 -1.000000 0.000000</DIRECTION>
		</DUMMY>
		<DUMMY name="spawn_team2_101">
			<POSITION>-3529.092773 -1547.701416 1.129937</POSITION>
			<DIRECTION>0.000000 -1.000000 0.000000</DIRECTION>
		</DUMMY>
		<DUMMY name="spawn_team2_101">
			<POSITION>-3929.092773 -947.701477 1.129937</POSITION>
			<DIRECTION>0.000000 -1.000000 0.000000</DIRECTION>
		</DUMMY>
		<DUMMY name="spawn_team2_101">
			<POSITION>-4629.092773 -647.701477 1.129937</POSITION>
			<DIRECTION>0.000000 -1.000000 0.000000</DIRECTION>
		</DUMMY>
		<DUMMY name="Rocks">
			<POSITION>-6948.997559 8235.367188 -506.664948</POSITION>
			<DIRECTION>0.000000 -1.000000 0.000000</DIRECTION>
		</DUMMY>
	</DUMMYLIST>
	<GLOBAL>
		<far_z>10000.0</far_z>
	</GLOBAL>
</XML>
