<?xml version="1.0" encoding="UTF-8"?>
<XML>
	<MATERIALLIST>
		<MATERIAL name="FloorMaterial">
			<DIFFUSE>0.588370 0.406693 0.328980</DIFFUSE>
			<AMBIENT>0.588235 0.588235 0.588235</AMBIENT>
			<SPECULAR>0.900000 0.900000 0.900000</SPECULAR>
			<DIFFUSEMAP>Mingrid.png</DIFFUSEMAP>
		</MATERIAL>
		<MATERIAL name="FloorMaterial.001">
			<DIFFUSE>0.588370 0.406693 0.328980</DIFFUSE>
			<AMBIENT>0.588235 0.588235 0.588235</AMBIENT>
			<SPECULAR>0.900000 0.900000 0.900000</SPECULAR>
			<DIFFUSEMAP>Mingrid.png</DIFFUSEMAP>
		</MATERIAL>
	</MATERIALLIST>
	<GLOBAL>
		<far_z>10000.0</far_z>
	</GLOBAL>
</XML>
