<?xml version="1.0" encoding="UTF-8"?>
<XML>
	<MATERIALLIST>
		<MATERIAL name="fmove_25_0_0_33_100_entile">
			<DIFFUSE>1.00000000 1.00000000 1.00000000</DIFFUSE>
			<AMBIENT>1.00000000 1.00000000 1.00000000</AMBIENT>
			<SPECULAR>1.00000000 1.00000000 1.00000000</SPECULAR>
			<DIFFUSEMAP>fmove/25_0_0_33_100_entile.png</DIFFUSEMAP>
		</MATERIAL>
		<MATERIAL name="fspeed_300_900_enspeed">
			<DIFFUSE>1.00000000 1.00000000 1.00000000</DIFFUSE>
			<AMBIENT>1.00000000 1.00000000 1.00000000</AMBIENT>
			<SPECULAR>1.00000000 1.00000000 1.00000000</SPECULAR>
			<DIFFUSEMAP>fspeed/300_900_enspeed.png</DIFFUSEMAP>
		</MATERIAL>
		<MATERIAL name="other_starsqare">
			<DIFFUSE>1.00000000 1.00000000 1.00000000</DIFFUSE>
			<AMBIENT>1.00000000 1.00000000 1.00000000</AMBIENT>
			<SPECULAR>1.00000000 1.00000000 1.00000000</SPECULAR>
			<DIFFUSEMAP>other/starsqare</DIFFUSEMAP>
		</MATERIAL>
		<MATERIAL name="fjump_25_180_enjump">
			<DIFFUSE>1.00000000 1.00000000 1.00000000</DIFFUSE>
			<AMBIENT>1.00000000 1.00000000 1.00000000</AMBIENT>
			<SPECULAR>1.00000000 1.00000000 1.00000000</SPECULAR>
			<DIFFUSEMAP>fjump/25_180_enjump.png</DIFFUSEMAP>
		</MATERIAL>
		<MATERIAL name="felement_4_150_60_1000_enpoison">
			<DIFFUSE>1.00000000 1.00000000 1.00000000</DIFFUSE>
			<AMBIENT>1.00000000 1.00000000 1.00000000</AMBIENT>
			<SPECULAR>1.00000000 1.00000000 1.00000000</SPECULAR>
			<DIFFUSEMAP>felement/4_150_60_1000_enpoison.png</DIFFUSEMAP>
		</MATERIAL>
		<MATERIAL name="Gva_GvalmostBlack">
			<DIFFUSE>1.00000000 1.00000000 1.00000000</DIFFUSE>
			<AMBIENT>1.00000000 1.00000000 1.00000000</AMBIENT>
			<SPECULAR>1.00000000 1.00000000 1.00000000</SPECULAR>
			<DIFFUSEMAP>Gva/GvalmostBlack.png</DIFFUSEMAP>
		</MATERIAL>
		<MATERIAL name="felement_2_40_80_2000_enice">
			<DIFFUSE>1.00000000 1.00000000 1.00000000</DIFFUSE>
			<AMBIENT>1.00000000 1.00000000 1.00000000</AMBIENT>
			<SPECULAR>1.00000000 1.00000000 1.00000000</SPECULAR>
			<DIFFUSEMAP>felement/2_40_80_2000_enice.png</DIFFUSEMAP>
		</MATERIAL>
		<MATERIAL name="fjump_8484000_-9000_Void">
			<DIFFUSE>1.00000000 1.00000000 1.00000000</DIFFUSE>
			<AMBIENT>1.00000000 1.00000000 1.00000000</AMBIENT>
			<SPECULAR>1.00000000 1.00000000 1.00000000</SPECULAR>
			<DIFFUSEMAP>fjump/8484000_-9000_Void</DIFFUSEMAP>
		</MATERIAL>
		<MATERIAL name="felement_1_100_90_1000_enfire">
			<DIFFUSE>1.00000000 1.00000000 1.00000000</DIFFUSE>
			<AMBIENT>1.00000000 1.00000000 1.00000000</AMBIENT>
			<SPECULAR>1.00000000 1.00000000 1.00000000</SPECULAR>
			<DIFFUSEMAP>felement/1_100_90_1000_enfire.png</DIFFUSEMAP>
		</MATERIAL>
		<MATERIAL name="transparent_en'ts'hlu'th'unrb">
			<DIFFUSE>1.00000000 1.00000000 1.00000000</DIFFUSE>
			<AMBIENT>1.00000000 1.00000000 1.00000000</AMBIENT>
			<SPECULAR>1.00000000 1.00000000 1.00000000</SPECULAR>
			<DIFFUSEMAP>transparent/en'ts'hlu'th'unrb.png</DIFFUSEMAP>
			<ADDITIVE/>
		</MATERIAL>
		<MATERIAL name="felement_3_900_20_1000_enzap">
			<DIFFUSE>1.00000000 1.00000000 1.00000000</DIFFUSE>
			<AMBIENT>1.00000000 1.00000000 1.00000000</AMBIENT>
			<SPECULAR>1.00000000 1.00000000 1.00000000</SPECULAR>
			<DIFFUSEMAP>felement/3_900_20_1000_enzap.png</DIFFUSEMAP>
		</MATERIAL>
		<MATERIAL name="fmove_900_-250_0_0_50_east">
			<DIFFUSE>1.00000000 1.00000000 1.00000000</DIFFUSE>
			<AMBIENT>1.00000000 1.00000000 1.00000000</AMBIENT>
			<SPECULAR>1.00000000 1.00000000 1.00000000</SPECULAR>
			<DIFFUSEMAP>fmove/900_-250_0_0_50_east.png</DIFFUSEMAP>
		</MATERIAL>
		<MATERIAL name="fmove_900_250_0_0_50_west">
			<DIFFUSE>1.00000000 1.00000000 1.00000000</DIFFUSE>
			<AMBIENT>1.00000000 1.00000000 1.00000000</AMBIENT>
			<SPECULAR>1.00000000 1.00000000 1.00000000</SPECULAR>
			<DIFFUSEMAP>fmove/900_250_0_0_50_west.png</DIFFUSEMAP>
		</MATERIAL>
		<MATERIAL name="fmove_900_0_250_0_50_north">
			<DIFFUSE>1.00000000 1.00000000 1.00000000</DIFFUSE>
			<AMBIENT>1.00000000 1.00000000 1.00000000</AMBIENT>
			<SPECULAR>1.00000000 1.00000000 1.00000000</SPECULAR>
			<DIFFUSEMAP>fmove/900_0_250_0_50_north.png</DIFFUSEMAP>
		</MATERIAL>
		<MATERIAL name="fmove_900_0_-250_0_50_south">
			<DIFFUSE>1.00000000 1.00000000 1.00000000</DIFFUSE>
			<AMBIENT>1.00000000 1.00000000 1.00000000</AMBIENT>
			<SPECULAR>1.00000000 1.00000000 1.00000000</SPECULAR>
			<DIFFUSEMAP>fmove/900_0_-250_0_50_south.png</DIFFUSEMAP>
		</MATERIAL>
		<MATERIAL name="Gva_Border-RoyalBlue">
			<DIFFUSE>1.00000000 1.00000000 1.00000000</DIFFUSE>
			<AMBIENT>1.00000000 1.00000000 1.00000000</AMBIENT>
			<SPECULAR>1.00000000 1.00000000 1.00000000</SPECULAR>
			<DIFFUSEMAP>Gva/Border-RoyalBlue</DIFFUSEMAP>
		</MATERIAL>
		<MATERIAL name="Gva_Border-evilred">
			<DIFFUSE>1.00000000 1.00000000 1.00000000</DIFFUSE>
			<AMBIENT>1.00000000 1.00000000 1.00000000</AMBIENT>
			<SPECULAR>1.00000000 1.00000000 1.00000000</SPECULAR>
			<DIFFUSEMAP>Gva/Border-evilred.png</DIFFUSEMAP>
		</MATERIAL>
		<MATERIAL name="transparent_stars">
			<DIFFUSE>1.00000000 1.00000000 1.00000000</DIFFUSE>
			<AMBIENT>1.00000000 1.00000000 1.00000000</AMBIENT>
			<SPECULAR>1.00000000 1.00000000 1.00000000</SPECULAR>
			<DIFFUSEMAP>transparent/stars</DIFFUSEMAP>
			<ADDITIVE/>
		</MATERIAL>
		<MATERIAL name="transparent_flame">
			<DIFFUSE>1.00000000 1.00000000 1.00000000</DIFFUSE>
			<AMBIENT>1.00000000 1.00000000 1.00000000</AMBIENT>
			<SPECULAR>1.00000000 1.00000000 1.00000000</SPECULAR>
			<DIFFUSEMAP>transparent/flame</DIFFUSEMAP>
			<ADDITIVE/>
		</MATERIAL>
		<MATERIAL name="transparent_poison">
			<DIFFUSE>1.00000000 1.00000000 1.00000000</DIFFUSE>
			<AMBIENT>1.00000000 1.00000000 1.00000000</AMBIENT>
			<SPECULAR>1.00000000 1.00000000 1.00000000</SPECULAR>
			<DIFFUSEMAP>transparent/poison.png</DIFFUSEMAP>
			<ADDITIVE/>
		</MATERIAL>
		<MATERIAL name="transparent_zaap">
			<DIFFUSE>1.00000000 1.00000000 1.00000000</DIFFUSE>
			<AMBIENT>1.00000000 1.00000000 1.00000000</AMBIENT>
			<SPECULAR>1.00000000 1.00000000 1.00000000</SPECULAR>
			<DIFFUSEMAP>transparent/zaap.png</DIFFUSEMAP>
			<ADDITIVE/>
		</MATERIAL>
	</MATERIALLIST>
	<DUMMYLIST>
		<DUMMY name="spawn_solo_101">
			<POSITION>288.00000000 1632.00000000 -1728.00000000</POSITION>
			<DIRECTION>-1.00000000 0.00000000 0.00000000</DIRECTION>
		</DUMMY>
		<DUMMY name="spawn_solo_102">
			<POSITION>-2016.00000000 96.00000000 -1728.00000000</POSITION>
			<DIRECTION>-1.00000000 0.00000000 0.00000000</DIRECTION>
		</DUMMY>
		<DUMMY name="spawn_team1_101">
			<POSITION>-2016.00000000 96.00000000 -1728.00000000</POSITION>
			<DIRECTION>-1.00000000 0.00000000 0.00000000</DIRECTION>
		</DUMMY>
		<DUMMY name="spawn_team2_101">
			<POSITION>288.00000000 1632.00000000 -1728.00000000</POSITION>
			<DIRECTION>-1.00000000 0.00000000 0.00000000</DIRECTION>
		</DUMMY>
	</DUMMYLIST>


<GRAVITYLIST>
  <GRAVITY>
    <FROM>0.0000000 0.00000001 -1728.0000000</FROM>
    <TO>576.0000000 1728.0000000 -1152.0000000</TO>
    <FACTOR>0.332</FACTOR>
  </GRAVITY>
  <GRAVITY>
    <FROM>-1728.0000000 1728.00000001 -1728.0000000</FROM>
    <TO>0.0000000 2304.0000000 -1152.0000000</TO>
    <FACTOR>0.332</FACTOR>
  </GRAVITY>
  <GRAVITY>
    <FROM>-2304.0000000 0.00000001 -1728.0000000</FROM>
    <TO>-1728.0000000 1728.0000000 -1152.0000000</TO>
    <FACTOR>0.332</FACTOR>
  </GRAVITY>
  <GRAVITY>
    <FROM>-1728.0000000 -576.00000001 -1728.0000000</FROM>
    <TO>0.0000000 0.0000000 -1152.0000000</TO>
    <FACTOR>0.332</FACTOR>
  </GRAVITY>
</GRAVITYLIST>



<PORTALLIST>
    <!-- Always flip X coordinate -->


    <!-- Corner portal 1 -->
    <PORTAL>
        <FROM>-1728 1536 -1728</FROM> 
        <TO>-1536 1728 -1536</TO>
        <DESTINATION>-192 0 -1520</DESTINATION>
        <DESTINATION_TO>0 192 -1520</DESTINATION_TO> 
        <!-- <DESTINATION_DIR>1 0 0</DESTINATION_DIR> -->
        <!-- <DESTINATION_DIR>0.0000000 0.0000000 0.0000000</DESTINATION_DIR> -->
        <!-- <NOSOUND/> -->
        <!-- <NOVISUAL/> -->

        <!-- Optional: Retain player's X/Y/Z value when reaching any destination of the portal. -->
        <!-- <RETAIN_X/>
        <RETAIN_Y/>
        <RETAIN_Z/> -->

    </PORTAL>

    <!-- Corner portal 2 -->
    <PORTAL>
        <FROM>-192 0 -1728</FROM>
        <TO>0 192 -1536</TO>
        <DESTINATION>-1728 1536 -1520</DESTINATION>
        <DESTINATION_TO>-1536 1728 -1520</DESTINATION_TO>
        <!-- <DESTINATION_DIR>1 0 0</DESTINATION_DIR> -->
        <!-- <DESTINATION_DIR>0.0000000 0.0000000 0.0000000</DESTINATION_DIR> -->
        <!-- <NOSOUND/> -->
        <!-- <NOVISUAL/> -->

        <!-- Optional: Retain player's X/Y/Z value when reaching any destination of the portal. -->
        <!-- <RETAIN_X/>
        <RETAIN_Y/>
        <RETAIN_Z/> -->

    </PORTAL>


</PORTALLIST>
</XML>
