<?xml version="1.0" encoding="UTF-8"?>
<XML>
	<MATERIALLIST>
		<MATERIAL name="fmove_25_0_0_33_100_entile">
			<DIFFUSE>1.00000000 1.00000000 1.00000000</DIFFUSE>
			<AMBIENT>1.00000000 1.00000000 1.00000000</AMBIENT>
			<SPECULAR>1.00000000 1.00000000 1.00000000</SPECULAR>
			<DIFFUSEMAP>fmove/25_0_0_33_100_entile.png</DIFFUSEMAP>
		</MATERIAL>
		<MATERIAL name="fspeed_200_100_enspeed">
			<DIFFUSE>1.00000000 1.00000000 1.00000000</DIFFUSE>
			<AMBIENT>1.00000000 1.00000000 1.00000000</AMBIENT>
			<SPECULAR>1.00000000 1.00000000 1.00000000</SPECULAR>
			<DIFFUSEMAP>fspeed/200_100_enspeed.png</DIFFUSEMAP>
		</MATERIAL>
		<MATERIAL name="fjump_25_180_enjump">
			<DIFFUSE>1.00000000 1.00000000 1.00000000</DIFFUSE>
			<AMBIENT>1.00000000 1.00000000 1.00000000</AMBIENT>
			<SPECULAR>1.00000000 1.00000000 1.00000000</SPECULAR>
			<DIFFUSEMAP>fjump/25_180_enjump.png</DIFFUSEMAP>
		</MATERIAL>
		<MATERIAL name="felement_4_900_40_500_enpoison">
			<DIFFUSE>1.00000000 1.00000000 1.00000000</DIFFUSE>
			<AMBIENT>1.00000000 1.00000000 1.00000000</AMBIENT>
			<SPECULAR>1.00000000 1.00000000 1.00000000</SPECULAR>
			<DIFFUSEMAP>felement/4_900_40_500_enpoison.png</DIFFUSEMAP>
		</MATERIAL>
		<MATERIAL name="Gva_GvalmostBlack">
			<DIFFUSE>1.00000000 1.00000000 1.00000000</DIFFUSE>
			<AMBIENT>1.00000000 1.00000000 1.00000000</AMBIENT>
			<SPECULAR>1.00000000 1.00000000 1.00000000</SPECULAR>
			<DIFFUSEMAP>Gva/GvalmostBlack.png</DIFFUSEMAP>
		</MATERIAL>
		<MATERIAL name="felement_2_40_80_2000_enice">
			<DIFFUSE>1.00000000 1.00000000 1.00000000</DIFFUSE>
			<AMBIENT>1.00000000 1.00000000 1.00000000</AMBIENT>
			<SPECULAR>1.00000000 1.00000000 1.00000000</SPECULAR>
			<DIFFUSEMAP>felement/2_40_80_2000_enice.png</DIFFUSEMAP>
		</MATERIAL>
		<MATERIAL name="fjump_8484000_-9000_Void">
			<DIFFUSE>1.00000000 1.00000000 1.00000000</DIFFUSE>
			<AMBIENT>1.00000000 1.00000000 1.00000000</AMBIENT>
			<SPECULAR>1.00000000 1.00000000 1.00000000</SPECULAR>
			<DIFFUSEMAP>fjump/8484000_-9000_Void</DIFFUSEMAP>
		</MATERIAL>
		<MATERIAL name="felement_1_25_60_2000_enfire">
			<DIFFUSE>1.00000000 1.00000000 1.00000000</DIFFUSE>
			<AMBIENT>1.00000000 1.00000000 1.00000000</AMBIENT>
			<SPECULAR>1.00000000 1.00000000 1.00000000</SPECULAR>
			<DIFFUSEMAP>felement/1_25_60_2000_enfire.png</DIFFUSEMAP>
		</MATERIAL>
		<MATERIAL name="transparent_en'ts'hlu'th'unrb">
			<DIFFUSE>1.00000000 1.00000000 1.00000000</DIFFUSE>
			<AMBIENT>1.00000000 1.00000000 1.00000000</AMBIENT>
			<SPECULAR>1.00000000 1.00000000 1.00000000</SPECULAR>
			<DIFFUSEMAP>transparent/en'ts'hlu'th'unrb.png</DIFFUSEMAP>
			<ADDITIVE/>
		</MATERIAL>
		<MATERIAL name="felement_3_900_20_1000_enzap">
			<DIFFUSE>1.00000000 1.00000000 1.00000000</DIFFUSE>
			<AMBIENT>1.00000000 1.00000000 1.00000000</AMBIENT>
			<SPECULAR>1.00000000 1.00000000 1.00000000</SPECULAR>
			<DIFFUSEMAP>felement/3_900_20_1000_enzap.png</DIFFUSEMAP>
		</MATERIAL>
		<MATERIAL name="fmove_900_-250_0_0_50_east">
			<DIFFUSE>1.00000000 1.00000000 1.00000000</DIFFUSE>
			<AMBIENT>1.00000000 1.00000000 1.00000000</AMBIENT>
			<SPECULAR>1.00000000 1.00000000 1.00000000</SPECULAR>
			<DIFFUSEMAP>fmove/900_-250_0_0_50_east.png</DIFFUSEMAP>
		</MATERIAL>
		<MATERIAL name="fmove_900_250_0_0_50_west">
			<DIFFUSE>1.00000000 1.00000000 1.00000000</DIFFUSE>
			<AMBIENT>1.00000000 1.00000000 1.00000000</AMBIENT>
			<SPECULAR>1.00000000 1.00000000 1.00000000</SPECULAR>
			<DIFFUSEMAP>fmove/900_250_0_0_50_west.png</DIFFUSEMAP>
		</MATERIAL>
		<MATERIAL name="fmove_900_0_250_0_50_north">
			<DIFFUSE>1.00000000 1.00000000 1.00000000</DIFFUSE>
			<AMBIENT>1.00000000 1.00000000 1.00000000</AMBIENT>
			<SPECULAR>1.00000000 1.00000000 1.00000000</SPECULAR>
			<DIFFUSEMAP>fmove/900_0_250_0_50_north.png</DIFFUSEMAP>
		</MATERIAL>
		<MATERIAL name="fmove_900_0_-250_0_50_south">
			<DIFFUSE>1.00000000 1.00000000 1.00000000</DIFFUSE>
			<AMBIENT>1.00000000 1.00000000 1.00000000</AMBIENT>
			<SPECULAR>1.00000000 1.00000000 1.00000000</SPECULAR>
			<DIFFUSEMAP>fmove/900_0_-250_0_50_south.png</DIFFUSEMAP>
		</MATERIAL>
		<MATERIAL name="Gva_Border-RoyalBlue">
			<DIFFUSE>1.00000000 1.00000000 1.00000000</DIFFUSE>
			<AMBIENT>1.00000000 1.00000000 1.00000000</AMBIENT>
			<SPECULAR>1.00000000 1.00000000 1.00000000</SPECULAR>
			<DIFFUSEMAP>Gva/Border-RoyalBlue</DIFFUSEMAP>
		</MATERIAL>
		<MATERIAL name="Gva_Border-evilred">
			<DIFFUSE>1.00000000 1.00000000 1.00000000</DIFFUSE>
			<AMBIENT>1.00000000 1.00000000 1.00000000</AMBIENT>
			<SPECULAR>1.00000000 1.00000000 1.00000000</SPECULAR>
			<DIFFUSEMAP>Gva/Border-evilred.png</DIFFUSEMAP>
		</MATERIAL>
		<MATERIAL name="transparent_stars">
			<DIFFUSE>1.00000000 1.00000000 1.00000000</DIFFUSE>
			<AMBIENT>1.00000000 1.00000000 1.00000000</AMBIENT>
			<SPECULAR>1.00000000 1.00000000 1.00000000</SPECULAR>
			<DIFFUSEMAP>transparent/stars</DIFFUSEMAP>
			<ADDITIVE/>
		</MATERIAL>
		<MATERIAL name="transparent_firesparkle">
			<DIFFUSE>1.00000000 1.00000000 1.00000000</DIFFUSE>
			<AMBIENT>1.00000000 1.00000000 1.00000000</AMBIENT>
			<SPECULAR>1.00000000 1.00000000 1.00000000</SPECULAR>
			<DIFFUSEMAP>transparent/firesparkle.png</DIFFUSEMAP>
			<ADDITIVE/>
		</MATERIAL>
	</MATERIALLIST>
	<OBJECTLIST>
		<OBJECT name="obj_txa_zaap.elu"/>
	</OBJECTLIST>
	<DUMMYLIST>
		<DUMMY name="smk_ss_01">
			<POSITION>-860.00000000 120.00000000 -1727.00000000</POSITION>
			<DIRECTION>-1.00000000 0.00000000 0.00000000</DIRECTION>
		</DUMMY>
		<DUMMY name="smk_st_01">
			<POSITION>-860.00000000 120.00000000 -1700.00000000</POSITION>
			<DIRECTION>-1.00000000 0.00000000 0.00000000</DIRECTION>
		</DUMMY>
		<DUMMY name="smk_ss_02">
			<POSITION>-92.00000000 876.00000000 -1727.00000000</POSITION>
			<DIRECTION>-1.00000000 0.00000000 0.00000000</DIRECTION>
		</DUMMY>
		<DUMMY name="smk_st_02">
			<POSITION>-92.00000000 876.00000000 -1700.00000000</POSITION>
			<DIRECTION>-1.00000000 0.00000000 0.00000000</DIRECTION>
		</DUMMY>
		<DUMMY name="obj_algn1_txa_zaap">
			<POSITION>-292.000000 683.364014 -1335.949951</POSITION>
			<DIRECTION>0.000000 -0.000000 -1.000000</DIRECTION>
		</DUMMY>
		<DUMMY name="spawn_solo_101">
			<POSITION>288.00000000 1632.00000000 -1728.00000000</POSITION>
			<DIRECTION>-1.00000000 0.00000000 0.00000000</DIRECTION>
		</DUMMY>
		<DUMMY name="spawn_solo_102">
			<POSITION>-2016.00000000 96.00000000 -1728.00000000</POSITION>
			<DIRECTION>-1.00000000 0.00000000 0.00000000</DIRECTION>
		</DUMMY>
		<DUMMY name="spawn_team1_101">
			<POSITION>-2016.00000000 96.00000000 -1728.00000000</POSITION>
			<DIRECTION>-1.00000000 0.00000000 0.00000000</DIRECTION>
		</DUMMY>
		<DUMMY name="spawn_team2_101">
			<POSITION>288.00000000 1632.00000000 -1728.00000000</POSITION>
			<DIRECTION>-1.00000000 0.00000000 0.00000000</DIRECTION>
		</DUMMY>
		<DUMMY name="spawn_solo_103">
			<POSITION>288.00000000 96.00000000 -1728.00000000</POSITION>
			<DIRECTION>-1.00000000 0.00000000 0.00000000</DIRECTION>
		</DUMMY>
		<DUMMY name="spawn_solo_104">
			<POSITION>-96.00000000 -288.00000000 -1728.00000000</POSITION>
			<DIRECTION>-1.00000000 0.00000000 0.00000000</DIRECTION>
		</DUMMY>
		<DUMMY name="spawn_solo_105">
			<POSITION>-1632.00000000 -288.00000000 -1728.00000000</POSITION>
			<DIRECTION>-1.00000000 0.00000000 0.00000000</DIRECTION>
		</DUMMY>
		<DUMMY name="spawn_solo_106">
			<POSITION>-2016.00000000 1632.00000000 -1728.00000000</POSITION>
			<DIRECTION>-1.00000000 0.00000000 0.00000000</DIRECTION>
		</DUMMY>
		<DUMMY name="spawn_solo_107">
			<POSITION>-1632.00000000 2016.00000000 -1728.00000000</POSITION>
			<DIRECTION>-1.00000000 0.00000000 0.00000000</DIRECTION>
		</DUMMY>
		<DUMMY name="spawn_solo_108">
			<POSITION>-96.00000000 2016.00000000 -1728.00000000</POSITION>
			<DIRECTION>-1.00000000 0.00000000 0.00000000</DIRECTION>
		</DUMMY>
	</DUMMYLIST>
	<PORTALLIST>
		<PORTAL>
			<FROM>-1728 1536 -1536</FROM> 
			<TO>-1536 1728 -1152</TO>
			<DESTINATION>-192 0 -1728</DESTINATION>
			<DESTINATION_TO>0 192 -1728</DESTINATION_TO> 
		</PORTAL>
		<PORTAL>
			<FROM>-192 0 -1536</FROM>
			<TO>0 192 -1152</TO>
			<DESTINATION>-1728 1536 -1728</DESTINATION>
			<DESTINATION_TO>-1536 1728 -1728</DESTINATION_TO>
		</PORTAL>
	</PORTALLIST>
	<GRAVITYLIST>
		<GRAVITY>
			<FROM>0.0000000 0.00000001 -1728.0000000</FROM>
			<TO>576.0000000 1728.0000000 -1152.0000000</TO>
			<FACTOR>0.332</FACTOR>
		</GRAVITY>
		<GRAVITY>
			<FROM>-1728.0000000 1728.00000001 -1728.0000000</FROM>
			<TO>0.0000000 2304.0000000 -1152.0000000</TO>
			<FACTOR>0.332</FACTOR>
		</GRAVITY>
		<GRAVITY>
			<FROM>-2304.0000000 0.00000001 -1728.0000000</FROM>
			<TO>-1728.0000000 1728.0000000 -1152.0000000</TO>
			<FACTOR>0.332</FACTOR>
		</GRAVITY>
		<GRAVITY>
			<FROM>-1728.0000000 -576.00000001 -1728.0000000</FROM>
			<TO>0.0000000 0.0000000 -1152.0000000</TO>
			<FACTOR>0.332</FACTOR>
		</GRAVITY>
	</GRAVITYLIST></XML>
